msno,city,bd,gender,registered_via,registration_init_time,expiration_date,is_churn
Y9KbYbLpZ1VPuYUomzhbj7bYe8kHg9l28PI6+Nu6G90=,13,23,male,9,20150409,20170916,0
lMOgMeD05qWJ2A1j+YKwQIR5boRXFSyZo7OWLaZ449E=,1,0,,4,20160213,20171005,0
N1KD7Qk9tI4sqBtWUacP9Z9RWW4Q5DJO5GE39Bg9UXE=,1,0,,7,20160729,20170930,0
r/d1ZxJs1zJN/GuAV3cf+WucqnGO21gLZZKc8vWF/+E=,1,0,,7,20140510,20170912,0
e4qA9TOjpKgDF9Qqgn/FhVaf+pXO1GIIXWA9SgEDi5Q=,1,0,,7,20140108,20160325,1
37vd9zYq0B7TJ7MSJ3h451mqcTreetJb9J5b4Tu2y0E=,1,0,,3,20131228,20170707,0
G91QfT8rIHOyfJEMo5QH7Xxig1/wCbnN19JR9JNB/Cs=,1,0,,7,20111122,20170920,0
L2v6YYQRQxe+wwMsBcoecTCJs+ZUTtJVUqJ4gDkNMu8=,1,0,,7,20150803,20170825,0
vC0D2KgcLXJhPDNqNaxAx8ajJ9UXpGC5INj1IY5bm0U=,1,0,,7,20111030,20171005,0
4xPU2dTQM1WYMWjnyjIuLFMaPFAi7RMeXxdJWEptZk4=,1,0,,7,20150731,20170930,0
VLnOoUDTsfIntWeuJZLSSSyp2n+bD030regFZ9ornas=,5,0,,9,20140316,20170927,0
yxyiwUvyn+xR+mEWe+pueAwwAw2tolrWNQRb3M4CdaE=,1,0,,4,20151208,20170913,1
VfrFI3Tyz4JvvdZ5CwzHx8xMSonZCiF0F7aoKFpT0P4=,1,0,,4,20160526,20170917,0
ckc/LOksxCR5onmaPPdjJpZtTjQmfY2hQe49iTMxheQ=,1,0,,7,20120321,20170924,0
ILDXdoxfkU8x/qSAtdErVb6AqCtKvcTPzm5JsqBhxf0=,1,0,,7,20160116,20170916,0
coN0IO82/xfKloTWQOT+Z+fKq9uf2W+WDPUYxdE5G5I=,1,0,,7,20160112,20170912,0
dfsP32cijOKLIAWkBAKrZgKfZ1oJzNU3x11mzz/GgCQ=,13,21,male,9,20140828,20170910,0
HjeqFXyUhOPxAvKxjDpleYhKh5ibpYcP+hFeUgV+LZQ=,14,21,female,7,20151204,20170903,0
zspaQbg1atd3EDGTo84E56iSDFVqzYFmKvD9SAZYUhI=,1,0,,7,20150805,20171005,0
YN1kromLqKpLP/AZsxZExHbKigd0AwTMF1BucJZ2lZs=,1,0,,7,20160831,20170930,0
Hf4wCuhXhELMjxb1lblazbrweI7N8yIAbwDfssCovKQ=,21,33,female,7,20130118,20170920,0
oNnKIdzHEOFLd1zfBzvup7nPFzSzGfxG1qhhq7w94Y0=,1,0,,7,20110606,20170204,1
vjdDWhg2VeA66pqarKnx9G6EOZWekl+pOT8cbGiJUIo=,14,27,male,4,20151014,20170815,0
aloJsktw8nzDOVO0m9DTPWmOAFM0uIQ3JTVX0cT6TOo=,1,0,,7,20120417,20170917,0
UmpNdPVN3ZDrjULbuDcHPuGMf8doed9LEldMd1wVwOo=,5,18,male,3,20150305,20170907,0
F0EQCdWxsGWpg8trg8FfwDiXxmyvRzEeviIkmOMybXs=,1,0,,7,20151018,20170625,0
ckEfn+bGEkq9JgxfA5YfqwTaQZQx5TwGkBIx5wTi/Io=,1,0,,7,20140903,20170908,0
8mbJYzcj1Fj3xG8cUrjfB88WbDtRXmftt9j2f5Kg/G0=,22,27,female,9,20100219,20170930,0
uQeO7zirxyXbftjVzlAAN3YpvW+n6V8DviCEt/hLP9k=,1,0,,7,20151018,20170918,0
s0klpK4upaJlNPdhrmUCIEo8L+9Sq26Btr3nzVE5W6o=,15,21,male,3,20150823,20170314,1
81eK67t9BvhcPsBcP0PoudIriwdWQI0ukTphrVPpccs=,1,0,,7,20131107,20171003,0
mKCLf/OMuwiXG93aq5B5Ufijjr/lx3rRaFYdQfDsMcY=,13,25,male,9,20160121,20170930,0
x89QNoJMu5pxqTUFSbLFJszgyPgvbMFVZMH3KeRToDU=,22,24,female,3,20151117,20171002,0
8cbHIkC7glc76WmthpYp/RCDZvxprDsy8jkz0sJ5Y7c=,1,0,,7,20150717,20170717,0
r9xPoi8emfP/+t3L6QQPugnaSDX14lgKZkbfKM0nAfw=,5,24,female,4,20160410,20170620,0
lopVO78W5skWEIyV3Q+HCVSBGXsPrtVF+4i2zB0vcXg=,13,26,male,3,20130226,20170930,0
BXaOKPMPep+TuNIFUN+LQNNNYjxXGqCjzjFT/T3J+Pw=,14,30,male,7,20120803,20171003,0
r/dPyFZfz7xR5hBGGeInW1vQ4Z/h27RO4mpgf7qfQa8=,6,35,male,7,20160702,20171002,0
p4mzv2ymLc9vyeJPzd0M/6OtJk7o1KKtcPk3fhf5nzY=,1,0,,7,20160913,20170912,0
dPQFGsa1dpKzDaqlFVT0Tje9An3zM17PTwZKUtmlC/g=,13,0,,4,20160907,20170924,0
qqrCnjorsEgScxyJv0ONqSW5/F2HqjCu105g8YX8O+A=,1,0,,7,20151202,20171002,0
ufoQxULJHdlgZkNHLpC16mhqpsZkPBb7NFu4P5zoy6s=,9,22,female,9,20070330,20170924,0
amrpjonRx5wr9XFjUjl/YmM3fSCgdZHQJmKE3rmF49g=,8,27,male,3,20120213,20170630,0
zSVccurshX2eVlhSjjWnOfsG9vVSaQ7s+S05NVdfJAA=,5,34,female,7,20101026,20171007,0
4WChHELMwcxQ4EOAw0WlfLW32FO7rW3CSpesYXQRsWM=,1,0,,7,20140215,20170922,0
J+mcaTX5Gtlov7YmgIWqzJaQDnJqn/EWDn5hSZL9eWk=,1,0,,7,20160322,20170921,0
VHOTjMp14rIAqrjCH1Twj4KcVcegV6SQqOg/xepdD/o=,13,30,female,9,20070212,20170916,0
/IxO8snpUWuilnCkTKI9fiYKa9nuVQCNepvgsLSJKuY=,9,30,male,9,20080217,20170919,0
PhooTNOJ5wKktvUuSJvyL50tVfZyYQBLo9KpOXV1lHU=,1,0,,7,20120410,20170910,0
oDsiG2xI02wjZdG5DsslkenbaXHvRm5Snj4Wm1QFCDM=,1,0,,7,20140527,20170917,0
wGjGYkrpY3iMFBIIBnWdvJdjUfEnTNb0v0CfX0Xt1iU=,3,33,male,7,20140208,20170930,0
Xj+AlHG91J8fIQY4OR6R5Y6ljJv+IyQQQt5a/32oujs=,13,0,,7,20140925,20171001,0
wxFH7JdkDVI2JtUSZzRQkx/zrOXXDVQyNZAfmn6hhOs=,12,26,male,9,20100321,20171002,0
nOI3+13KPK8ZOyzRRcIqD21GpaLAcgPP3U85qInrNYs=,1,0,,7,20161028,20170921,0
vWMVNV+hIvAK4aEYCKNVhLkVr75gXAPY4erf0uItbxw=,5,39,male,9,20060331,20170930,0
Cv5DT/ICgkfVDSNJMzpqb1syvzLLV/XZ+s4uyIYzPqA=,15,31,male,3,20150609,20170909,0
fSU22YVv64TxeXdfd+paWjAEetdPuRN2i6nABnCdYvU=,6,40,male,3,20131004,20171001,0
ipfKO8v7QOzYTw7xFFI7/Qkno/JWITlbEbgE5bFZvmg=,1,0,,7,20160729,20170930,0
1aB1YnQN1dA6LcfGvaJ4zvpL/Nc1qM6IJAXvcz0y1Ks=,1,0,,7,20140712,20170930,0
zp17OnftoLRGJpGXR8B36yw9dAQmZXKbeaj0xSMmwyg=,1,0,,7,20160627,20170930,0
XPMreWmsETa+u0hXUVSt/D625IaaO+7pH1Ndsb6RPQc=,15,0,,4,20151009,20171001,0
mtteCVtdqVzxghhH9o2LHsG7U+p2PnkIHuMWo08gQqk=,1,0,,7,20131020,20170919,0
n8NaGyHJkzL1ZUa9vZ0wpYVOXAKBeqk/GFfNU4t4ndI=,6,21,female,3,20120506,20171017,0
HYkku9FN1hg4p0vIe33WhoKZXbGadhypAXuLziSficw=,8,23,female,7,20121104,20170930,0
BsKkUsyMyyyyaIVPkc/F9SsGnIhwPx1QpdcLLWSZi9M=,15,23,female,3,20140721,20171001,0
6rnBUloio7knRsn5gxLYXOZLNzGqaaqxmocYNLO33tU=,1,0,,7,20130507,20170909,0
x9/fUmBM8ZJWTV4A4Hr9wRAH+pGf2J2zMOILQsZhc1E=,13,26,male,9,20100102,20170930,0
f+sJGeSU1ADT4ZE323lYFntkrapXH7+9iCXX1+A3pew=,22,29,female,9,20110802,20171007,0
859lcZmQgOLTes/gUCasPZmLv6pr6MOlzhkndOg+GZA=,1,0,,7,20170102,20171001,0
GTKt7gTvGBknTxGmqVDi5scVS1zFO6x1zC70aeNMMAg=,13,25,female,7,20120110,20170911,0
Px7Pea00irktIxJ3dUnhZXs5WCoyqtWeK5mAoCPZsik=,8,47,female,9,20111208,20170912,0
p9HnZHadlqiukIX08zMC58hs9bwufjb6+INOYqkD6DI=,21,0,,3,20130420,20170912,0
LhWG8V1I/aqwX6k6BX/DpwtCU4pi44EBVCJgSB8pigc=,1,0,,7,20170106,20171005,0
XipSVxzQIcE/Ldimc9bpLePYersffqjFRBRCwpWlY1E=,22,18,male,7,20160318,20180421,0
37ucm6tXJcjByiKkA67wAJOCfmZoqE4yJfYsLHysf2I=,9,21,female,7,20150708,20180120,0
JeTN+nxfFZSDShoE3/nNpLyRi2LcLRe46C1Lt+TMRw0=,1,0,,7,20160618,20170917,0
Qp+QWpYnO0TLuepaIdtSiaGtiAwkeGzJwSvPNZ+t1zU=,4,28,male,9,20060722,20170918,0
sQu6vR0c7gsEHEjtB9NYpX6aaxriEBH6ZvoqO6tgN2M=,1,0,,7,20151115,20170915,0
gwkRxXJwZPu73ZgvQZxSd9ND1w+AyHwHosWkXQUu/Jg=,1,0,,7,20150517,20170916,0
OuG+EzcxpDacC30GZKSrGthxK5tuc+UfS/0U2++p1uE=,15,24,male,3,20120720,20171001,0
J5Mq6oRvrOx6qSNvMQZlklCXH59nObScefcPaNTfN+M=,1,0,,7,20160421,20170921,0
1Nne4unQLKUK+kPcb4efXDfQNCQ6lKxYOrj/fC6p8qg=,5,36,male,7,20130405,20170915,0
04l9OdrqxKHZX0QCjDfDdFPGyLKpbPPQqXh6vwKb8m4=,1,0,,7,20160109,20170909,0
soF1g6blnSXbhvwyyYH+6ckRt8ko4qnXaEHED+C0FwY=,1,0,,7,20161119,20170918,0
GKsa4N8i4jBkQsHjnjp8pNhG4Yl73adoHHx8BIJX4So=,21,28,female,9,20140510,20170722,0
/s1YGaVMmStNZna1yW421Z+x/nafJiPM6+H/0wPnzXY=,4,39,male,9,20060612,20171013,0
3Za7nhGgpTfNXGjvZBQ/KbH0RCwfhAExiVFwqrDlxiU=,1,0,,7,20160128,20170919,0
fPnQ6ty4oGWjtA8hEIDGQlbb6qquMZRbHYPTuojkaNY=,1,0,,7,20120721,20170922,0
1W9F9UfRaazglkK3Wk/c0MTcNd4dCT9MKqh+iD9tzyU=,1,0,,7,20151203,20171002,0
oOB52bdM3N09D1cRB4zzNT6R3sk0JOBR4tDYjq4ytLA=,1,0,,7,20170121,20170920,0
mj0VVz/N0ZY1DJojUGsV8nvxdSJfsS1F366GOLoi+SI=,4,33,male,9,20150221,20171004,0
IsNbbTL56pD4dz/BWrhIma1/vzPbp4QwWqw+0i7YBG0=,1,0,,7,20150726,20170912,0
XxcdTU/UzLsXoYs/+O2bzw3f+PdTmHvjHEJDcn7QA6U=,4,23,male,7,20161011,20170911,0
eBjjfxosttxPrhmWNOLRrHTCVAS4gFJ2dtZHf9RdasI=,1,0,,7,20120602,20161227,1
rnbI23peSICg6mendWRgYMG/r72DznO1vZNsC9j5NCk=,13,21,female,9,20150117,20171019,0
+RAZ+RMJqnwybjhiN2HgGP6wbCOG0lz1qQP8VjORUhw=,1,0,,7,20151027,20170908,0
rO+H+m3q0CIdIfjru5QL0WIVGodv5Vh+5UmzkQadhPA=,1,0,,7,20120107,20171004,0
PqVnohpIeera1JohY+DZ6KvjVxD97kNB7bKBbVsAWMk=,1,0,,7,20160807,20171007,0
V5uDsa+p15gPB5yb0gt1VMEHRC63wlF0jiGMpE8y7bU=,1,0,,7,20121128,20170914,0
T3UC8VHFuifb3zJQ82qFJTebfREwDFaN7BX8C4PF61Y=,1,0,,7,20150708,20170704,0
pjuwNPlHWMFEmRI6gIAoxBmvvh1d/RCZNmHkUyGMEiQ=,1,0,,7,20141110,20170919,0
9cPreHB+38P/ZKycszKf8+WBTLtoLygmyqooF4wkZE8=,4,24,male,9,20150201,20171004,0
sE6ItHP6kuv+0004Jb7VguUW+ykeRtSlsELrx2WP9rg=,1,0,,9,20150116,20170329,0
4x3LrkHs2Pi4c/VsCrJWY3pRelqmiM9MN7/5Qckp6H8=,1,0,,7,20151018,20170918,0
ZRFLkvyK429YCuDE5/Y7DKW7CqizEUBMRRQ20jkCmG0=,14,47,female,7,20130504,20171005,0
p58pqpxS1N3h+WnTo66XunpLML77jE0Mi+iE1V7E2Sg=,1,0,,7,20160925,20170930,0
Fo6eftQQOpBfRsk947myaa4Kt5Iy/bwcEV8A7M5RpTk=,1,0,,7,20131215,20170930,0
x/Er9gEFsOQxL/fsGANE19g5H1jExuf3s+BaJi0qfPE=,8,44,female,9,20071113,20170914,0
t1lRFMenlR8gYXlPWl3TZLz6HgI4dKpjWBFWKxcDIyI=,1,0,,7,20160505,20171004,0
zt0p5q8nYiB/NNHT+uVJSKDR52Mml0FK3z2pC5wxFF0=,1,0,,7,20150511,20170910,0
OOxcKImpAi9VjKwCcVbYQc/CImytxfSoXzeBBKyMEbE=,13,22,female,3,20150119,20170919,0
ue6Qx3tv+O2XvlG9rxsX8G/kXS6SQEb6wpewK6R9GR8=,1,0,,7,20101022,20170930,0
0xs6XbEtHxcmezDUv2QX5wzAckjCZKVT8GjdX0pgKgg=,6,26,male,7,20130525,20170917,0
xwFwiJL1O5lb4ReyVUz6uJIq2IIZ59qDQNafhZJJI6E=,1,0,,9,20150922,20170709,0
ZCYviK0SWELiaqk7+20vRNQ1kkPaJvoUI3DLCpDBXhQ=,1,0,,7,20150713,20170926,0
lMT93NFbkpqWbO6imk+XmU0npOLvf3YfraVLgsJEFJE=,5,33,male,9,20110317,20170930,0
6fm4pVdUlIeo+52WMdGSZg7K1l+8Hj0DRVfvmCCxokA=,1,0,,7,20170127,20170930,0
K94y/W/d8sGzt/NGTOvihKZXRVZZ6uWTzJJVTGEq4pI=,15,22,female,4,20151023,20171002,0
VwbOA3Z5F/Z3i/i0A+FJG5tEJEW//E8wRkRjEWqb4t8=,3,38,female,4,20160616,20170409,0
ZQT6QmRt8sCxoh5CKF7VcGEfOYNzdDz7HQUFoEWH2oU=,17,29,female,7,20120206,20170914,0
+HT5cujhZ/nuEam8Q8kswueXI8XA8Kq7bXyMznsu3F8=,1,0,,7,20131210,20170930,0
ap5X3/Becoduquj4lDmIVtr+JmeV2kHjejc8r+n7cYY=,13,43,female,9,20080927,20171006,0
uuVgCbnPRUgRnWktj2f9Dtr5ap5ltL5FAKAIuAa+5HA=,8,35,female,9,20121121,20170718,0
Q+48uWvXZV/fm9MJvN/CmwYGNIED9EUBt9sRgkwoIlM=,1,0,,7,20110329,20170909,0
6PbjW6C73xGJ6/vxhPjMDfU866QwDb3F5ufOsFZIePw=,17,25,male,7,20120401,20171001,0
OsJC95evJmzWQffoedoeXSvK+l9Z4PkrBpt8iXG+plk=,1,39,male,3,20160604,20171006,0
0cqz5ye1LorHXi8Ikq1MIBF7Ko4lau9k8uyEuD+MCgQ=,1,0,,7,20160421,20170921,0
2/EvggzqFAsZcEIOpVb63ZczVtJxrwp0ap+8dcg9RW8=,22,22,male,9,20130501,20171002,0
aJiLa6HYdHS4rBnYBlSILMfogbDunDKAmH82q1i1DJw=,1,0,,7,20131229,20170924,0
bgob3j+hFfYhjFESreUwiu9kvMsjVoZPOLCiKKNRSts=,13,25,male,3,20120227,20170713,0
NKbzjVigeqBU7PJ1B1bOmvzB8uRfPMLRr4Eclu7LhBE=,5,22,female,9,20110816,20170210,1
QxYBzSbaO2S+Tdok0QnHffwEWX1S0uhedxil0PpOq4A=,11,33,male,3,20150221,20171006,0
pURCVmB1ocTyeXfwsv5eDjeB/ZcybFV6C1erwfHk4eY=,1,0,,7,20150821,20170920,0
ewzTvHb4qX0FePUdZ98ZwmvmUFDLcJ7Ryl+BWang7TM=,5,25,female,9,20131210,20170912,0
vCaDQ+dHYbmYmTfTZYa2RX3voDFE9944moj1yZqVrkc=,1,0,,7,20160331,20170930,0
YBCs+doZWc3ikCuWhCbkxcnIqLLKrmirSHwgBtL4EV4=,1,0,,7,20150322,20170921,0
TSkOxLpgaUWHw1oBffHXZ/iwpzk8mmBCbB2q84GC9ds=,6,0,,4,20160115,20170920,0
dCcuCTAdwMEPGKo7/v3RZUzX00x/PWjnM7zS4H5g3g4=,1,0,,7,20150930,20170704,0
nj9DGAi/IHmlauszDSfO9QF/lVmsuf7251ioVHoqZiM=,4,28,male,4,20170122,20171006,0
RRGicCBjF0Rlr1gxLC9IVjLbgjT8IUgppch50GVQTi4=,1,0,,7,20160326,20170326,0
Jnkmw24mn8M2zrZufV0v5t4oKNpxFbv7iWSQH2f0IIM=,1,0,,7,20151013,20170912,0
I5A0/QbyQGrfAagU0M2XIJCpcAEwVpe6UjpOGznWwk4=,22,26,female,9,20150213,20170926,0
V2rTo/8ZW03EGODxCkcNkbdsG1R+7zZXxnFnv6zCcp8=,1,0,,7,20160217,20170916,0
nOa/sBDARGEjpYr48sXazNxz9ZhdRPCrQu0bdcBKNJs=,1,0,,7,20160207,20171007,0
jcJutlV3KuAO+zizvhiQOLtQQ2yAYDQ2R9Kw16w5N5I=,22,0,,9,20151130,20171002,0
7zQcrChb/4f5IUctl+T030j6bVsF5VrozC9nxi+SRNI=,1,0,,7,20160117,20170917,0
EV9Js/yxEL528BA+eufdV6Df1lhOsklsIzvRlqHJArE=,1,0,,7,20151017,20170527,0
me2Ty2mfjgJKcSuD+SRLEAB2LtrXAKOMET4AkpLd4+0=,1,0,,7,20150910,20170330,0
m9IwRHhrruPemvnvrKET+CTVukSQ0EtWdxC2MINMXdc=,1,0,,7,20120207,20171002,0
M7fRSGXpbWxQN9BFDI9Gj5FBlo8/q5vZW4I5F490zxs=,1,0,,7,20160605,20171005,0
hMcC0eYoKkg663dlMItjMWciS52ldvxWmpbpU3zpxTA=,22,26,female,9,20111103,20170809,0
DbZgwU2YlZ3W4aHaNV12R/8YQKrg0cLryTIDN4J9CvA=,1,0,,7,20120217,20170816,0
lAEz44SXtCdp3NcmAnEEN5EtL4hpU6qkDrc4MSyTRwQ=,1,0,,7,20160329,20170930,0
iVmwQXugUpT++KTKVktW/4XqfUgLTO+okdtSczn+6is=,17,30,female,9,20100102,20170930,0
cTJzPbH3v8DzAhfa/gHdsmEw62LPyHcjJbmiVt4kkTM=,1,0,,7,20160626,20170930,0
B9jbrgIMygbRUXKuw33/t9ImJLB9B6iFnuWj8Oyapy4=,1,0,,7,20140916,20170912,0
JJUKplbYQhHcAk1/Qi4NiK2dsZRB+oxWLk8YQ3z4jDU=,1,0,,7,20140429,20170914,0
x/U/geTjgROZy1H17SejEYH16736slII1CEw4Cc1oG0=,5,52,female,9,20060730,20180411,1
DoWdNCNzwVQhz9TRYlQOX2eIFv4b2Hr0Zbg0xtzCymk=,1,0,,7,20160819,20170918,0
RJnWZBbDeotp8ngdcpOqjAq8KaYrexsiPuSOHIJe54s=,15,0,,4,20151016,20170924,0
vaWnIZp25jxGYbV7Z3hmEvuaP/HJ4nCrcIENJfoB5yg=,1,0,,9,20150913,20170913,0
7c0sWtqMbbeC0Q3tzeQeyoLdjziPZ40/FyWFbf0EyrQ=,14,33,male,7,20110128,20170414,0
LOYOuFgu9vXbumkue77HVQINd7ipy4vrKC5wYzMoa38=,1,0,,7,20150202,20170918,0
pNMO+JVDqlDk2er1L9T4Oqqzkjl1G+okzzGKEzQ1Xws=,1,0,,7,20160916,20170915,0
ZTPk37kL7yjUYnCQUDneXOTbTwSuxtkVNCGnF72H+yA=,11,0,,9,20160122,20170930,0
noJutoamKG7wYwPHGAB4C5CIoFiBOnKK3Rur0VMWKhA=,1,0,,7,20121224,20170930,0
1SOs3JagxKg/ACoo7yRm06h5WwsUkYMk2PFWsDMMY9Y=,5,28,male,9,20070713,20170912,0
mTUsC3M6hWzjMO1s/NZR7PH6eafLcqmbgPqTZ3Vjllo=,1,0,,7,20120207,20170930,0
aBAKBuHYSUcPd+JkEpohWug2vBQKu1cd8gP0Wbm9Dkk=,1,0,,7,20151203,20171002,0
NwND13CImkfC1Z35v4IxZLLcqmPNvxjX19m3+eOyy3E=,1,0,,7,20151230,20170930,0
RXfO3D/RqKmYPjiKYHfKdv23h5E7gblIe1NF//H97tE=,13,29,female,9,20070820,20171020,0
C630lTNMclvyB5gjLQNPhXbg5koLlUWtrjTsDFzMXT0=,9,25,male,7,20130416,20170930,0
i+dd5oIVic4PHPNbkj7lugm2PEzdtSRQq+yxhYnrGWM=,1,0,,7,20151026,20170930,0
2K+RU66FBvYpLy5aj5ZDFFtxhqIC5VZ2PMFHFx9nRdg=,13,0,,9,20151225,20170713,0
m16uHvhW1jgcxDiiNHB6KdqyvhNLZ12XlTzsmMoM4gc=,1,0,,7,20150815,20170915,0
hbYoVTl1JHM4KVgMTHCvsgTvRE4lKd8Th4EiTYpRHnk=,1,0,,7,20140121,20171001,0
BTXNK1rUtJHiYHhohEkvKu9U1RsUB+tmPo/iIOSLr7M=,1,0,,7,20131130,20170918,0
MQC1oOFBSLB9Ob9JN/hqYu8uCBpVSIpYL+OP2FEvwMc=,1,0,,7,20161113,20170912,0
HqDI+LklKfp8NJxvxBFqCsmpvXbI8ZyB7oH3gF8NERI=,13,20,male,3,20120815,20170915,0
Wa4nJWJWLCQygIvjWXhiphbjwOkKi77zWqlEvt8RHqs=,1,0,,7,20140305,20170930,0
F1sfijldPn+f4TJydfXRfYV3reYGA+st5XGrYpO3f/c=,9,30,female,3,20160131,20170916,0
bM4ZV+ZZVYN5q+C+9T2Pim4soB6ag1iidY8RgyjX1lI=,1,0,,7,20150717,20170717,0
aAJ0PswvKy52/Xuw1QQHtuSjq2j6UOMR687t+kJs2KQ=,1,0,,7,20160213,20170913,0
DRtDpGyCHhKttnl+UF6M0qYS5O3TnfBc/ccG3Tyq01Y=,6,34,male,9,20051011,20171028,0
QGtoMrHAZ2O8+FGBbCP0qumJjkmRdDYdZP9FYiR/p+Y=,5,30,male,3,20120628,20180512,1
uD2GbJnYkxNmP6A7mz+BtwrsbnA2poGyQidjM3NNpL0=,1,0,,3,20121125,20170921,0
v7a1rNeMesJFp9BRaOh9lzKlC/M6x3wz8bT4eelETxw=,1,0,,4,20161105,20171206,0
aY82OJxOFMY+yAIbG/fxGdI3gWs+iY2Up74umOkBzFM=,1,0,,7,20150615,20170915,0
Yi2pzPdaO1hpjgQIrIrt3lKSwy+xKX3peE7ZfLWvKVw=,5,20,female,9,20110116,20171121,0
w/HjeMmOTxbsUy2sJm0eHDNVm9qVpP0G30wRYDpqD80=,17,32,male,7,20121108,20171007,0
TsOYy4NI3ztWYUZkHWHxzZuHuhRpOt+EDT5Gu51YOOA=,6,37,male,9,20080124,20170930,0
kb2qFjgALFRINxN0NPr9hNBq8gN5+O0j/cSAxrFm5Zc=,5,0,,9,20141008,20170908,0
X3YreuI6tnVx++TfPOQ4XwX3ItX+PEsdJ7+T3WRdjwk=,1,18,male,3,20150805,20170723,0
oY69zIVDwy9OMZ6fY5I67efHA9PkjeV/ST9785vt17c=,1,0,,7,20160422,20170921,0
gs+UWYyUtlZj96FNCkRw/SxcDvfA3/dvVvVwG3a4H3Q=,13,26,female,3,20131125,20170922,0
t11GRpRc+3juE30nwlJkreuYlPQQ0fHdNPxr9cF5ZD4=,1,0,,7,20120324,20170917,0
y9Xx7RFkyhsxpd2uC00i+QKv4iEIy/+6tZ/esUf+tTk=,22,25,male,3,20120128,20170921,0
aFGw+QiUnxtlZVtSxDriq6aSBVfvYOmnuKko8YWJfB4=,1,0,,7,20150920,20170920,0
nMzJccbKm/i1mS0mtvq8ZWb2BDHZUdeaZGedWaDuZZc=,5,26,female,7,20140530,20170410,0
/MwYViHvlZwSY9hk1V+MVPvQwPgOmB3nLLu8rZB4s60=,1,0,,7,20150717,20170805,0
mg+M3xjrpXIT/lFVNrgAsWbpipRHbz6BIcM6ez3QEig=,1,0,,7,20160714,20170913,0
pnQz6THny1u7lAoPPZ7hr8TF8SrwvXMVvHhiBTK5bE4=,1,0,,7,20161222,20170921,0
YxqF2ld4oRL9e5xrbi2GE2v7hh95Ewh4YXBjZSN5UoE=,5,46,female,9,20131216,20170920,0
eBiUoAsU7C2amoEraaY1gOrNdT1k/Me6DIbwbHbBpJU=,22,18,male,7,20160528,20170930,0
/9jaCUexc2DX449s6hnsRod2osd6g5EkHFJ5jWWqgJc=,5,31,female,9,20091004,20171023,1
CSC4HnM3SIoRKps2EtxmOCxXWnlZBrH05nRlDx6wKpE=,1,0,,7,20130726,20171006,0
5Dc1qIs4eOgn2lEtZNo3GIXSkhS2X0T4uAoRjF8SgGI=,1,0,,7,20160615,20170915,0
3QxFhfZZIznwbYe4zicLHvMAHpldagshwnwqZoWk8+Y=,1,0,,7,20170103,20171002,0
I9ZosxGH6BXDvpA6fWruJ4VsU35FWOaK389QbSyR2eI=,1,0,,3,20140512,20170913,0
gwXcyOW3obAheGwDXHeB+2QKJXMAJ6QMR9UUbw5fYGE=,1,0,,7,20100521,20170918,0
nLolKtw489yYPcRM3ZpM09+dpbCTQZf9p5CL0Njg8YA=,1,0,,7,20160529,20170930,0
31YRmsA0OtoQYKbHKItylSRnJYUePgIyG4oQd30mGM4=,1,0,,7,20151029,20170930,0
piQUQ54aIOKMzNx0PvNos5Tfiw9RwDFImnetk6B+X4I=,1,0,,7,20130319,20171001,0
9/ni8aXG0Isq6Oc7LOQSqYti304lHeCRtmQ/VRxLqrg=,22,30,female,4,20160425,20171027,0
NKQH4p2iRctZxoADqVjTCp66WQOuHGzE1sTtTHRsO+Q=,15,59,female,9,20111126,20171004,0
EbeiIIhlnMeDbwNdSS20tGrj9SVvAeUDfcx29Nr3bhI=,13,32,female,9,20110121,20171028,0
LdZshKDojarg5JhmgAgB/mOQHxln/stv+5/8PI7eRhc=,22,26,male,3,20121226,20170804,0
y4EwubGuMKeWyblAArEVP6fswlUH6KLnUZUwXeyYePY=,1,0,,7,20161213,20170912,0
It4vQqA/9c017tymi8oMw757VqUbUkxBTEv+ZrBNYxM=,1,0,,7,20160703,20171003,0
IM/OMgAaC2G2f/Fg6L9OH2ftvvCH00QwQtovsEf91PE=,6,24,female,9,20160119,20171012,0
b1tu+BbZdYurtZ7XHBPQaByfR7NLSbA2DNPKgq69YgI=,13,0,,7,20120417,20170924,0
WZ5/aJfu4DEE7HMY78Bhyl+UCFcieyF08zWB00xW6qg=,4,20,male,7,20160519,20171007,0
QuPK1rq2sgftRHKa+2BzeGDLS0SLPS1qvHFPoo89YeI=,1,0,,7,20151024,20170903,0
eh6vsEL8PURmfh3U6qPIoJTiny7bJhb46VvKZ+X9hk0=,1,0,,7,20140808,20170916,0
7Pv9tCUQVfcf/LTSWs7lRZX2li0guBR5PnJjuyXezHI=,1,0,,7,20160608,20171007,0
7Qmq6f4T+uiLoHqBwXpb5KZsPQZjwi8hmgWVSnz4YmA=,1,0,,7,20151215,20170914,0
B4W/lhdjqIpdGSuOlniebsbtmgn7XbDiHLIWdXP3QsA=,1,0,,7,20140804,20170803,0
//pcS23n/AcQc1uL3oOv+HgAGXl0ElywoqiX51ZBUyg=,13,27,male,9,20061113,20180323,0
8Qtmlv+0LlR95JsTV2mjGR1Ic4PkqEHb+DEValqx2gA=,1,0,,13,20161016,20170915,0
1pRcy/13ztlTVevpGc/IFcbqSKryTHks8u0oVRvvlis=,22,42,male,9,20091013,20170213,1
w6swVfQU0KCr5w5B9x8PV2yju78whZoRimwTFAy3etI=,1,0,,7,20121030,20170914,0
7NeV6w8B4gpYV0IuJ9vBGCsdm5QPfcsV4Lcpf+o1LBc=,1,0,,7,20151009,20170909,0
pvNkNPjVv8YV0AFI8KUtvnygFwcrTOUCN7yJ3rNNggA=,4,28,female,9,20060309,20170930,0
eHsDPAX88ZUWgjKh6mqcOrtJx0byQ13HtxglyCTY20I=,10,28,male,9,20120604,20171008,0
TYIT/WLw8/Ga+9tG7yez5gOuWEfIpkBy3w1/M8ATOuw=,13,22,female,3,20121013,20171002,0
ug+Jr/ZPWOmjv/qrcNyMS6uHW3yCAD+w9Eh/1omdtOg=,13,26,female,9,20050524,20170922,0
YtUgd0E0NHLdgb4en997mmVGSCnL0ZH8C4sV9mXqApA=,5,41,female,9,20091223,20171013,0
b0ewM5bl7SIpH/cWeE6mvvjEWX8IqndhT+tu1s2G5fI=,1,0,,7,20130427,20171002,0
xmk5PdIzU+UbBvn9xl3joeEKQgoWhPZPLZhvCYL3D+w=,22,30,female,9,20041109,20171010,0
VsYH4zegqdQyrFqnsj68vfvUea2X+tn+7pZ6oFK5WkU=,1,0,,7,20110330,20170924,0
AtR26mAugw3aXzu9wPToVQnE1+o8UQZdH6fmCM9gMb0=,1,0,,7,20130130,20171002,0
JbwCbOg9u6LVVO30jKYv9IJ/pxv1mcPilGkh2camSN0=,5,0,,7,20130910,20171006,0
caEt6n5aQRQCxFLCTyvmotHFY+sCcfU2JMTn553Z2t4=,1,0,,7,20130709,20170930,0
3NGz3Pe1K3uhWRUf6zhGPbwIk25UFitdZ7JcTuMZRNc=,1,29,male,3,20150607,20170530,0
xPxjP/Ub3ks0uFktZnZX3Y4b4owW6m7Ixl54FXZjoe8=,1,22,,4,20160630,20170608,1
28pnfe5d05kLw06BYxLqMjFob/iyXvqXf10sNtsY0tg=,5,24,female,7,20130722,20170921,0
hN/KvB6r6qA6v6IiFqAbU5Yy42lWi4oe7sfuP+u4ii4=,13,25,male,9,20071125,20171004,0
XrYKdkvEnI1IYy4j44Js/j04aiGWvDxxkB6f7qQnWjY=,1,0,,7,20160701,20170930,0
YIZANt3zE23FnqC0Janeodc85rylap0U4oala38rGQw=,17,57,female,9,20100302,20171028,0
5r3TLpcF4vJ5gLBHcOICMFQuYq29XsW9g3Oco1woCDY=,1,0,,7,20111225,20170930,0
ewvTW1Y9gnILDHmm3UzpA4nH0dciFkcmI9S25cWAA8w=,1,0,,13,20160926,20170925,0
y/ef+p4PVS7tIcfN4/9EVOSwi5Q3kpS54FL7OfcX9FM=,11,21,female,9,20060721,20171129,0
GdGd6p8HLxAnvstZISMLvLtCJUjBBDls5QTKVUo2QAc=,1,0,,7,20160326,20170930,0
BTUICV5dcmJnD8IojRrH2iA1se+lS6GEofCMrc/ynFk=,5,34,male,3,20120103,20170918,0
n3J6dfpD7I+JLWbL+Ue66ASjNJR1VxDOXgn5Emzmsqo=,4,26,male,3,20130123,20170917,0
2A36TE50tmqM5tEIbyA5O2hrOTIk5uCgwLLXqhJvb3Y=,1,0,,7,20110214,20171003,0
qyBj9MeggTZPIf8BUQZxewetCLQ/KSRtkGlXRJScjXs=,1,0,,7,20170109,20170909,0
AFmZDPyKo4BBH/lfYfAKW+FdBwfc1SF17YQSjJb2LUs=,1,0,,7,20130507,20171006,0
L9Ws33IqXV35/KXWunQQUfrOh20/coYCV3Wr83wdsTQ=,5,0,,3,20130407,20170916,0
qQ5Q/sT7i1oQFpbGZyZQmIWJZjH7AtVbeobMD2oA/x8=,1,0,,7,20151220,20170920,0
hK1nSR+lfzxvIR+ARMWEDJgvQmkscPURSHvkL8tJQ30=,9,20,female,4,20151227,20170716,1
EQSw/W7yIlFQJSsPMVbeiocg5umY/cFz9c8CIPkav7c=,1,0,,7,20160419,20170919,0
x2fkHWRU3nz5ciXosz6pSQeUUflee8B7SarkRPzUM7M=,1,0,,7,20160110,20170621,0
PKXw87SEaLL1cW4QcfMb0UXcsy67NFv/oxY/SsM9z8A=,10,0,,9,20141002,20170930,0
BT4LcZf3/zJJsLEwLF0y0tJXHGZ4JRcVpZN1rncvFXc=,3,29,male,7,20150108,20170623,1
eoRPODlgWnzQqwQws5OWDSex7LcQjfBbRfLWxm0T/fw=,13,31,male,9,20070719,20170910,1
PTj27gK1XsJ7jVlz6g7moTB26TRCz9pltrTYfFgwj54=,14,19,female,7,20131110,20170930,0
HtdYjZmD+ZdHk6OOAW5jBjFm/RHMYYM0NJFKEA2ampM=,4,25,male,9,20160928,20170708,0
KFvWZCxxzJarEWGAXTgv+FwUlDGxq2e6P2W4S4ZOwhM=,13,19,male,4,20151202,20170925,0
ey+FpvEP+4sU43JxzHgA3f4Ps8knUJSF7za+mVe4L/U=,15,27,male,3,20150314,20170226,1
kc+YUk4SoQ5lufld1134axujqSiRdetouJoqkW8ve0c=,10,25,male,9,20060113,20170930,0
3chJtW73UdWvbdwXMPJuOk3qQhLu72HMv6CSNaga9oU=,13,0,female,9,20161017,20170917,0
L4H/hnJMYoKyy8Qe55QSWZEDl+An04uvWGsBWwIroOo=,1,0,,7,20161018,20170918,0
0m+n2oEJ5PdtyQ4fHgwIutSl6C0FLcUC/scGPY+DHU0=,6,20,male,9,20090728,20171013,0
/b55AKfhP2nJ6RrC50ERnNYo4l4jr0rijVkdTc45NnQ=,1,0,,7,20160624,20170923,0
5Affctw0V02kj1/w6805o/nmebNAdCplgnfWtCpgHHA=,1,0,,7,20160115,20170914,0
QDJuEp4KvKKTByX8zG7bDP8pfjek1RUk3h8AqrnujlI=,13,42,male,9,20070608,20170930,0
JQcX1OIXQGa5BlyumndL/QF+jTY6ACIP9FmtbMe0cAY=,4,25,,7,20140404,20170913,0
5vEj4vdQfaJ3Gom0YPxga9C9YJ9QGTmgJAPioIFAtJQ=,22,0,,3,20130207,20170927,0
24ZHIl3+D0gXBTLKV3hAgnQFFYBe2oyYo9kYZ5kSnB4=,5,44,female,9,20090220,20170930,0
HiNYOftFXtrepROQvaFpYLOwE9CkFliexZXhvN7bsBQ=,15,18,male,7,20130907,20170921,0
h7mVTDcQa6lByy4HzWJkrZTdTmb1eenimZc4heuYkKw=,1,0,,7,20160512,20170912,0
l/3h0zidjStXt5SB/WQIAtztATg4MRikh61UZdnVGCo=,13,26,female,9,20060926,20171006,0
Yc9BhmzsjeX5E0qtIFccUc4iEIfgka+C/NIhDpIf/x4=,1,0,,7,20160103,20171003,0
BsgdHNnKj6OvqGf6/vLCz3F0vpSaTaju5o2becZw15E=,1,0,,7,20151106,20171006,0
JyCtTl2wnb7qfqgo1JoicDzbSAjmCaRQAJlWlCxHlwU=,1,0,,7,20151201,20171001,0
KApZ9FvjbUN1rCeoO/BdfAgrVjYSOMR69cWYfGpQ0/0=,1,0,,7,20160323,20170918,0
68xx5EqAnZ/S/vWqu509bjl6B/aQtEG40cRW3vf0J1M=,5,26,male,3,20130501,20170908,0
3o2SIouU7Ql1old8BnEApGevC5epfw8fTsKfZ8RVDRQ=,13,23,female,7,20130731,20170923,0
VYfR8/b6zDkem1p/v4x1ztnbcuTxn85ucEPbQL71lTU=,4,0,male,9,20051022,20170930,0
6vOn6133IGYO3TYSuTlD4ysCb0psqsm/tBGYDPRAQ5o=,6,16,female,4,20161205,20170804,0
a6tPKVWjyl/Q9GfFzjYaOXwr4LLIYAsnioX08TTFEgI=,5,0,,9,20101127,20170930,0
T4gj2IWTCqCf4Nqo92x0JjPnrCv7y3OdS8Z4ejgYLmU=,1,0,,4,20160915,20170925,0
aSbXmbQqxPK9KgAt6oeYde3WwmZLLjMok04V9EL+54s=,4,26,female,9,20100127,20171026,0
UE8MzaPLGcKrSGswWERdwJZYONG+HJ9hewc3HEkS6C8=,1,0,,7,20150812,20170723,0
AnuwhZzBQCe0BkdNBCDTRxIxjTPgwra8Ylb7gOKN/XQ=,15,35,female,3,20130303,20170810,0
ObFoSTW4jX4ABaO3rI6YYOW4Qog5XcYEGkAX2VJtciQ=,1,0,,7,20150804,20171004,0
ySycZ1Zs2CM3IgcrFm9L2yKJLfSQJ5upn7/OQ08Gw9s=,4,22,female,9,20140201,20190116,0
/tCHWL4+RC0Y30fD75s1u9ckISPDNibRWBCH0NPKNMg=,1,0,,7,20160509,20170408,0
8++WowtG3q18xAI719fVgSRpKYhMFhWdKnYiLze9tkI=,15,23,male,9,20130122,20170930,0
JQ0o0CU8lfwwZw5/yO8MyHQPcwiXlHzX3pL0b00jIu4=,1,0,,7,20160313,20170805,0
Z0GxTKS3xDod3UBqA4trQOKpL+P9zLnOCMd7AEPaVZE=,22,31,male,9,20100123,20170910,0
bnig5/cxPgJF8f2QsvNsyPBlhd7x+3xKfukkUeju1Zg=,1,0,,7,20140208,20171007,0
Mt9KUEtXlMsq63FRhQGw6ekCDiFAAg3V+ksTkCpjTjs=,13,43,female,9,20061020,20170930,0
XMkB4degHTNrw4hK50E2RLDNbNmfh+kU2cBNFPlENzQ=,1,0,,7,20160516,20170916,0
NLXe2xQUl9V4/1p9mD8BYJlDtpyEsQBQfdMmqiQtrKs=,14,29,female,7,20161003,20170426,0
mlKfVQnBrPspHKI0AB1kANkkxp/pUn+uI2Rxa4E3tlQ=,15,24,female,3,20150202,20171015,0
Eh4X0+rVXexU7is7+uwpaXn++E35U6975wXsfTqOlzM=,5,29,male,9,20151212,20170915,0
Fd7RLBgUJgH9GjzQvo/KafYuglc2nfRCoKuJhBRAf80=,15,33,female,9,20070711,20170930,0
9b1WKi/3OmqvGVa3qihriYB/API8wQHZBrMFQAFDkOY=,22,21,male,9,20111126,20180307,0
ZhKyPJz9eHCd+8AhAAPUtorl19BP1lzH2qUiRwUjbfE=,5,0,,9,20110519,20170813,1
UzKbpi/yTs9AFwTU5YCrHluIcOXQYWZbSVsF5yM/0SE=,22,54,male,9,20051123,20170930,0
mzo2jC3ZOPMdU39CD4jjrqqVs8LWKDTBJVJmbpxNkt4=,1,0,,7,20140222,20170911,0
OES/VwY1eqWbziueoh9U3KIVqLUczWbdXZsMXvQjR0k=,6,23,female,7,20140921,20170930,0
bmC14gKQaIDnMdVQj7CUSCpBjfago/9yOAQbpstV40U=,5,27,female,9,20050304,20170922,0
wQe414v3QThraeSaFDkV88/jZMLRv2Rx/EVfhSYirtk=,13,22,male,9,20101114,20171030,0
IhwGpVrrUsiXBsk9Dec4NGKRgok50Y4t+IhJ2QHP64s=,6,31,male,9,20090506,20170930,0
XajHtXlyKUwOfZ/NTp3B6484GexwfUy7UG+1K+Xqejo=,14,19,male,3,20161216,20170926,0
iTJNWl66YW+cjyVg5lmjAOXk7OdDDjfGT4QnFJhnQhU=,15,35,female,9,20080620,20171002,1
fwoqqNMeSN/eFZ+tt3NAFtgrToIDQexsNtUSRnk6Y0c=,11,25,female,9,20111229,20171006,0
CAAX4MbT6fblL4h7K1bMbqI4lBsgWG7mNaZJOBRJ5Bk=,5,37,male,9,20121225,20171006,0
TacWwZkkuzNQD4MqalhMCF+C1aA79E6mqzxHyv1cYow=,17,38,male,9,20070222,20170508,0
gJnJXhDWofgA2Tom3ORZrHYddgYszregnpzlBo8ZRo4=,1,0,,7,20151028,20170930,0
jCtoTAAyJ/RnZRKAUmuUJav3+ikgZTRFkZQPZXVNg4c=,1,0,male,7,20140113,20170924,0
NSPZJ8RZSxIpmMXC+Us1VzwyDNlpnXk8wxshiVD/ox0=,13,23,male,7,20150723,20170923,0
aKFJZUmS1TnFOLpICkw8dOBrpX3BobLvengJxhiP7Dw=,5,19,male,4,20160504,20170930,0
HaONC3sCfBsanRS0Rpr4SwxUkf/nULZQ12jhVqm9rBM=,4,18,female,9,20150816,20180311,0
88KYlK21FmjKvyo3/585kuqKH75TR7uLHf60+9YwwfU=,1,0,,7,20160508,20170911,0
JP750KoKO3d7wfjKEKzovx1QgFrKGvcRvzWZdPkfOjc=,13,33,female,3,20150208,20170315,0
n75vrXMUtBi5Okf/BEKPhGtws1Msg9xZGUpWOl6ZIvI=,1,0,,7,20130808,20170912,0
pEarmU27NvGpc4INVH4KyCxhJ3xKcLet0TRVI3vLOg4=,1,0,,7,20151008,20170908,0
M+zI+mv2af2JItMjRNgSpWttrSMZL/B3CIiBOGjDb4A=,13,26,female,7,20161203,20171002,0
EP0xDfgd/SlcgNIfuB4jPPibDnZP0JBQBPamIdfo42s=,13,0,,9,20151117,20171004,0
I7yX1RIcl+iAXNeb6R81kerSgAMNQeocDcwtOs4x64I=,4,21,female,7,20110616,20171008,0
qeQWZiEDTKBqmrGgojouem/Q7BDnJxWmE15sSzhCVbs=,14,28,,4,20160304,20180916,0
ObmDy9fLeS+gin5LJmwBrLAlYIQVSeK3ggRcZJrcJtE=,1,0,,7,20140318,20170924,0
jkBEOt0KopDYPii/57o9zvqELWYDMus+NqNOuSfBujA=,1,0,,7,20161227,20170930,0
8bBoiB5XERBfgf2kQKSl4UkWg2h4M8OORQF5IS7NKM4=,1,0,,7,20161028,20170930,0
O6n5uywTe/hb9a5Kx2sJ0QDkacxV40cpP58RdFFHQlo=,1,0,,7,20150909,20170909,0
tGXAag5VPgAxnimTtO3jbySmOdrNHE3MGoaiZDZVo+A=,13,18,female,3,20160630,20171006,0
q1TTdjqJrsDA7+lzWXK7MAht4ANEtVzaKOD53L+oJcc=,1,0,,7,20151011,20170910,0
A8nrdOdat6XzwNYV4bE5dlJzqtNFe25OYqj0pOy2tPc=,3,30,male,7,20110601,20171006,0
6RL6yaEcozaw8F2iMqTobdhPC3yk49nMhvkx0qciVEc=,1,0,,7,20160608,20170908,0
pl7IqauKGcsWa3CTODTMfKIedDgiv5FbuEq1f3pvHrs=,1,0,,9,20170118,20171001,1
jo1PHAJUTrJIYZl+3IV8VB1Bv9TiEhjaUlbhDIx5YEY=,1,0,,7,20131023,20170910,0
1z8VXzDjsdo7wAObER0rKzhGK62ljm6p/5l53qk59mI=,5,51,female,9,20070321,20170927,0
49s7yJMwbh2FhCz1/nlTB+Si8JjyzIb3s3lyluWrcpg=,13,38,male,9,20060903,20170910,0
tRhqkR3c8zylJ/GQc6Z9PVO7MlC4kc93mpkZqCXH2Qw=,5,18,female,3,20141027,20170307,0
W5R7bgw2DQRXh7lvZru4kTFinNTElrc7Jnt1zRYg93M=,1,0,,7,20150723,20170908,0
MXKh4c9+Q70ReBIxII7skdSIrYP4yypWp+hFQ2MySWk=,1,0,,7,20160611,20170910,0
b173naIFgap/rPO6NAHEVXZRgxNNgxjBMnEDUh6k3Qc=,12,0,male,3,20121206,20170604,0
fRGjUDeK+SjKr+ZCl0GxJP3uxjGp6SJXzKR5Fl77GyE=,1,0,,7,20140812,20171007,0
6jd/lMz1ZbbMkUFEfR+FHx4sKiIGgbHB57oJ+nEiyvw=,1,26,male,3,20160121,20180317,1
LgR0nILI4d2UMl0I51Fg3rbiy842GOWZDkCIp5lI0rU=,1,0,,7,20110120,20170910,0
xnaTfQ1lped/y0tR/p00FVI2NXUKZfd+6u7mle+m4eI=,1,0,,7,20150818,20170917,0
cQb7dty9ZN6dkgLO2zSdIwAWJDJ9p/vOGEnnD/ah3NM=,1,0,,9,20150124,20170213,1
/UgHAWYJ8McCZjRuCm6EEMht8YydQSRM2DzJiXeqjuk=,1,0,,7,20160621,20170920,0
uhOwDooJB3M8NisRsgRodM6B0kyVU2ya3bS1i2QAejo=,1,0,,7,20150930,20170930,0
eS7ZOEoJjTVfOKL5o2zgazMsR+fySUF/xA6zm8Y7Oe4=,1,0,,7,20101018,20170913,0
6um0Avc5WgCzmohHXltBEErNd2Xlhg6YVRkjXVZ+dI0=,4,21,female,7,20150920,20170919,0
zoRPYwdU8jq7cpgDa4M4qQM+cexZ7+BauoE4ROUS6Xo=,12,36,female,3,20120820,20171005,0
sA9R4igjoUUCUWNdSq0XPF2UMY+GtgUdqmkOubNlRQ8=,1,0,,7,20160315,20170914,0
hqZt2Oiwp77FaAswqa62ldI8IumlKVYAc6RwxPL52Go=,5,34,male,9,20060124,20170930,0
4+D+N2RbcD47ihRxei0bE7COfT3kcNOZYrSMUb82So0=,13,47,,9,20110305,20170930,0
uTIs8gg0eXKlhVHCcZLV8X+3ix/RHAJ5c4Y/30QNlKI=,4,29,male,9,20081008,20171006,0
r9awPk1tOQ83WJvHrxNPoR7nioCVQhoiNwNS//Cdz2U=,12,20,male,7,20151208,20170908,0
XB37jb9ce3kI4icchs0FI+KZYOeCJBWFWdWtyYKwL5w=,1,0,,7,20150628,20170809,0
KuuOMtAHftdSSJOUlHll/5RhC/caVeclg/yD/DJ7lwg=,13,37,male,7,20111220,20170919,0
yzshMKouFyDGKtKUw+lEgy5yk1kIxkoty817gD9UzC8=,4,33,male,9,20080102,20170930,0
Z1cbk4+CiBg8U6cQ3kyGUf1ZVkSLcihh9wGXIgA9bnM=,1,0,,7,20110908,20170807,0
PAO6xZxRovx8AkrwsWLl7UlOTas+eSh0JoNCiwbCcvo=,1,0,,7,20151114,20170914,0
nKOBTZsWxtrVukTC/h1hDkJBU5KaZLBook97ZLm37iY=,5,28,female,9,20140123,20170923,0
o0x3wxJ4ILRpY6OUCNKH5jwv4ia3yQeXhE/V2zy8InI=,5,20,male,4,20160106,20170910,0
3RpbG0UAYZeppktMgHu15BggimQI4gyMmOy0R+GwOjE=,1,0,,9,20111229,20170815,0
61TLB9Rjgced9AesHUdFAGJte8+m+kqNG6SUFZX7Vko=,1,0,,7,20170121,20170920,0
iHeIT13cV4st+rz2HGWFUNAn6HXYo2r+m6eFhEgWqTo=,14,24,female,4,20161208,20171012,0
4MKIxfdCERv10VsScHDNsd4Rf/KdCwwIoh40oTwxtmk=,1,0,,7,20151225,20170930,0
YXJkpfcWsHbGtQjABqEBlUp5/Uh9weAJIXsYMawNTmc=,22,29,female,9,20080608,20171004,0
xzyBGRjAwlVmdw8z+Rf8qGNpoEtk7WBqojYqJk4aMAw=,1,0,,7,20160203,20171002,0
qULfHhrDKAkSbvwnXouBcnqhhGHerWLoyAQVpPFhI40=,15,47,male,9,20081227,20170930,0
H1AxJPRPO0pcsWk1jtNwOHTQWSYYMeVwWt0HOmGegEM=,1,30,male,9,20100409,20171006,0
l1eXGqJAKxFvdDfqoNgO+BXA6/YViepe4oMqKD7CHOQ=,1,0,,7,20150806,20170729,0
t2LHxaZ8D4oKAiv60j5EdpN7iCRNKcMc4mpkxeOfw74=,13,0,,3,20130204,20170914,0
y9wVJpoxVX35CMfjcUARuk4emK4suBM2Cq5LiAgVUGw=,1,0,,7,20150827,20170805,0
zOYjVvVTwipzMkNrfngkjLLmFHRe9THhTADni4bf5A8=,6,41,female,9,20080608,20171009,0
J0BVX6GIodN9L6Njefws89prowlN5ZI0UpdwwA/e7vo=,1,0,,7,20131117,20170930,0
55JBr6dbzLmwluONvwhdPA4Pg3g33ObemnuyU69dZvw=,1,14,female,4,20160821,20170919,0
tBGnndy8hHl3/XXE7Eltg5P9ZooGXylYQU2eq97QKy0=,1,0,,7,20130827,20170930,0
8VaiD+ypamW1bu6+IC0CNFrdSPDkGk8REo3H3B3pSRY=,1,0,,7,20110709,20170919,0
EKTxt3cv6ULulpor5chqDiFQE9FjTGCXm1fWHccbH+o=,13,22,female,4,20161007,20170920,0
ItXXch17IMK+cYhTTHGuepCoFsFFW+NBiZ2j+GAgEZY=,22,21,male,9,20110421,20171027,0
rto+6jPA6KnfcxKYo3CRfvxWLJU9ZF+HhD2Ah5TsUtI=,10,35,male,7,20170108,20171007,0
x+GXWXS55UF2uiuZzocB34VQ0ttn/TTPsVccbYt4fgU=,13,0,,9,20120416,20171020,0
h1jxg0vU0sNOFBV8UZkylkxdi50tkFWxv4Ut6O0AxY0=,1,0,,7,20160806,20171005,0
aWfne7e9rOPd8RBqy4lyMiz3CaLCrLULvtZlgsnQaOg=,1,0,,7,20130930,20170921,0
eK9p3lSDvXlQFLbkL80Bgzod6emGUbPXZ7m0uR9zr9c=,13,30,male,7,20101218,20200308,1
W3CgONzt7jEtb/SfhP8UPdKG3K9mgT8u8PH9ea51QH0=,1,0,,7,20150903,20170923,0
ModeoInVPkKDOc7rwW7E5xztBmgSej+acwYfClQYtAA=,15,40,female,7,20151207,20171007,0
9UmC9v7uiTa1ZOvhKI3x0oZouZR5tPM9ouexaivWQiY=,15,24,male,3,20120216,20170228,1
YXmUlS5jz3vstCHZAJjs6YwrhpMKek/NsQ1w8tUbUys=,13,0,female,9,20160804,20171114,0
vgplkTa1fr2KXF8OgzQWrvajdwVMcluGZyp/J6jJPOM=,5,28,female,3,20150723,20170921,0
mkgCDfADV7riBoWlAhQ0Nwswi9Yz7jbNjtjpAzi4xl8=,1,0,,7,20150802,20171002,0
f0+FDwYOvS+2d/AI+EOb+Um4+mbtmdcmI00pRB6X1fE=,1,0,,7,20151217,20170917,0
TAkNa3j8f/0QU2dwkGM+abhPV1CGNa7iEUMVct/Y8mk=,15,28,female,7,20161218,20170917,0
8rdz2xLFUFEcoepLmq/8pp5eg8tkQTN4Bi1U0YxmxLI=,1,0,,7,20160218,20170917,0
Vk5CUE2ost/rFe6XGH/0jLaHQ5Z5IEOwVrQwAT5TKzE=,22,35,male,7,20161008,20171007,0
SkamJPQro65N74pDWziPkuuofmoY5Hfska++c5pjOxQ=,4,43,male,9,20060225,20170930,0
66FHisiS1LyMdnBEPIzxJgr8a1qexYwX7Xf8aRudtE0=,1,0,,7,20160116,20170915,0
4HsgOMUfLkHdRgrom+1J+Veb/n/Z48XLcDnpZ0b2zS8=,1,0,,9,20160404,20171003,0
Juc6h43r9fPTVmp4iy1BWI3DqXOQZ0lLNu11u5ZjXto=,5,32,female,9,20111202,20170908,0
BVDv4PPeOCfTMpygwByy11Q23veq9sXV5GyueWIJRRs=,1,0,,7,20160706,20171006,0
eJaBy6KW+lOQ5ToX08NzEJb9pX/QByCds2ZfZ3sbKZo=,13,28,male,9,20060330,20171003,0
/gnmVKs/Wc5S25P+fvrMb9Bw9Eulsg0FWuJSvoP0KyM=,1,0,,7,20151106,20171005,0
13wk81D9+cTyi9h9JVdSQa1LfLsfNiq0zKw3OsGxq34=,1,0,,9,20150618,20170914,0
ziAKCX6LeQbID6T6XtaWsUNqfE8ASptJ+BuhOmc0bEM=,1,21,,9,20170215,20180216,0
3Nt8Bx5lpfMpWK6rJ0roVNsPPdH/WAN8ebrR2kl1kwc=,6,46,male,9,20060729,20170930,0
5v7ecdQQAfDJnq/p/emcw6Z+nOLD8qp2aUF130yswWU=,1,0,,7,20130330,20170917,0
RerdcHbxFp4FZCUl7sZKj9AKfNe264NA3DPBzpjo9XA=,15,23,female,7,20110201,20171005,0
Km1WIm2NytQMIMmT+U6HtDezMmuAEmUhgdeD7ooa9Xg=,5,0,,3,20130101,20171016,0
7OrU+fo8TJWTnEMp0d7DlPk8v5C6L1ID1EPA8vbncIk=,1,0,,7,20130615,20170921,0
BNZEFv12tdim6PxfShcqZHPHSIOx2zoXTvLmkngTLGo=,1,0,,7,20151003,20171003,0
tj+RxCnDLu943t7Pb4UyCZ9oAVEwx4ZrnNHkn2gCsTU=,13,36,male,3,20150617,20171004,0
mdJmk2ystXa62aew6vswOsXMZ6Ne6ksrKOjy6xfhxHc=,1,0,,7,20150802,20171002,0
t0efnko6S8yVCSmCiEbgOFWNQ37HGTqZ0Zru5MyXLEw=,15,34,male,7,20100417,20170917,0
GvRtYZVrnWyP/edEioPIAWYFNL1SOMUJYvFi9CYps8E=,6,22,female,3,20130302,20170426,0
cQMvBuC2xTRxeSiHg9J7ZWzJ0nrBXLtI70PCikWIZZk=,4,21,male,9,20090304,20171007,0
4lWL2K0+3EDVgmcriWvXMhav9treMV7tMXlQyN1rSLg=,4,0,male,7,20111221,20170922,0
emkMCESpVeRJSoNkg/7mwfwFJ9o3gaB9zvZYMm4q7wM=,13,29,male,9,20080710,20170809,0
dxPbx0u8UxLNnA2hcPHguR53wknGftl2SqoH9X4BtlY=,15,40,female,9,20090401,20171018,0
QFf81PvsGkhACyM/qwM4FPIJfemTC1ZarOUg9zbTQuA=,1,0,,7,20160521,20170922,0
t+RgwbvB7GsYN/brMYBt8R/u9uIM+/0ECDPFdGfZzy8=,1,0,,7,20110328,20171001,0
1lbDjmuvWzkztMksGzR6H3YDVinUYCNMQMI4loZ4kXc=,1,0,,7,20160828,20170930,0
W2rueKHbSauD/D3V6KyZrSMBR0rBCqg8zZ+ruyqHNu8=,1,0,,7,20150805,20171005,0
wQhUfUh6HLCvHqdVBNAAQJOz2tsxZ92kW07oJV9wV3U=,1,0,,7,20110314,20170918,0
LpFu06ljos7motDQdC0/2q7lDOtUCqxdKD1nbxgvePY=,1,0,,7,20140305,20171001,0
MGzXB9sbEKc5up5EwPVmRkz1NqAbWcvoJ9tbmBg2j9w=,15,26,male,9,20090224,20170930,0
x1rfBXpx0rLG8VrFTw94zJi82GPRddd+DRuywpNZo0c=,1,0,,7,20120804,20171005,0
FVFkQjehtP1NR8MYUktTm3Rs3KMu9qGcRC4l9JvssJg=,1,0,,7,20160328,20170930,0
FmXt5Wc1JTIBVWRtEZ9Hxn4GBpPZaj1G+/7hzHciAvg=,1,0,,9,20170127,20170226,1
UoU+IqvKQcyfgQtbuy6A/TMoWa1tIxwTPZsc9rmqxiI=,8,36,,9,20111117,20170912,0
c9STZc+dCZARlnw+lRwbDnzftYly5Abx+4KCL6P0AjU=,5,30,female,7,20110208,20170914,0
ub1i74AuwEYG//474TF3peA7HzqpsEs5CbdOx1eh/9Y=,1,0,,7,20110724,20170924,0
ep7RHsAE72MxfD9wwo5W9frxNdnlDc0LUCNgsk9iOTA=,1,0,,7,20151118,20170917,0
+8265YtYFZTXj9VvdjvLIPk+dSZh/58iGGu9pGk6CbY=,5,31,female,3,20130327,20171007,0
vuerEEonEX4vqEvwyb1ZDn4mt4ze2lOM9GY3VoIVISg=,1,0,,7,20110915,20170916,0
J9RO3YwpUD7M4vhGVEE7HQk5FZ8AZa/wbtc6iOV61k4=,22,25,female,9,20070106,20170930,0
Cj5dIO4dTOhaJCm7KgHBRofyolaE/NXzPA2ob63IIaM=,6,0,,9,20120522,20171004,0
ManHQjBDUQUFu0mHaHUgjkePQ1+4/pxbBxZdBbOYg+0=,22,27,female,3,20141008,20170913,0
qw2LUfkK8xkHCN4oi+qTG/PigXqgqP46KNmc0e8/1H4=,1,0,,7,20150914,20170914,0
zPbiU92QD5pgUI3SMejwGHl+Lmj2RjLjC+/sgjWKfaw=,5,27,male,3,20120116,20171006,1
kOCynhMcO8XMroslWcpZRngvB3LJwlloAwawG0ryHTs=,1,0,,7,20160530,20170930,0
e7ZiCXT6M+0ZSv8e39bGaqkT8vs13SzNOQtsr8pAqmQ=,1,0,,9,20120707,20170611,1
gs3+YQcff6FZNRTIbt5vt+fGYuxz4ytUc7E4f6MsqxE=,1,0,,7,20140205,20170222,1
HWg2hrqPJKyaUizOsy0wWJXFWIcKzlZEqO34dSawymc=,1,0,,7,20160328,20170930,0
jXWUyDJrUJwqGJnj+ipHYO2GjVpMHjRoKmwq3YiZv6c=,1,0,,7,20160426,20170930,0
ik7/VzQ44he68ZONOEp1rJJEzFbtK7W23gGXhyC67n4=,1,0,,9,20170104,20170930,0
UfsDNzCzDwaHap9OTRxdJh8QeWhzGQDZbdB/+k70Ep4=,14,31,male,9,20070603,20171018,0
FcloIT7MCZ6nWCgYtLEDNeGuklIJwgaa5aI8420VXeE=,13,38,female,9,20060109,20170427,0
cJd5A+rr5AYRFQIQznah9BHrkPBYO/4y4uQEeKQB6nE=,13,28,male,3,20130821,20171005,0
pcZhu8g6KqVvS5i/nQtRCfC2wsuL9lvdpnNIkiSNiZs=,1,0,,7,20120317,20171005,0
k0By+sakDF2YTTDsHYHG8k2SLU3Ol1iEXiDPuWb+H+k=,5,23,female,9,20150518,20170709,0
inQG7Wb/w6Bu3VK8b2CrA3u1wr5tc/A19vbeoqaPLvE=,13,24,male,9,20140511,20170413,0
zwZGuISxGwqCRwdGB3jN9uN/HtovSsebOmLZMRto2nw=,1,0,,9,20150906,20170818,0
nmhzWGZMy3xjpHdHZ83mmqu3E2UrYhKMZcqhLw3gGSk=,5,41,female,9,20060512,20170930,0
F0aw2FnHXRWKj6VD6FkqOo4CuPCrx3P0BDLnjBnCfP0=,14,26,male,9,20050202,20170930,0
MYha2IXEEvEZ0WkmknNo4NCVzr7dEU3grUgNd3XpnHg=,6,26,female,9,20111003,20170930,0
tKcXmZk7lB8y6shg6BpypBdoxIQP2pHyAStg4WYne0s=,1,0,,4,20160920,20171001,0
mIf13Lkb3IFuKdMXlnZ+ZaWCKe4ijAVurDdWtgpu/NA=,22,38,female,9,20090607,20171001,0
keCW7ZjTTzNbD+jadvBbmERVGmDs9L5+/VBQiB13O3I=,5,34,female,4,20161228,20171001,0
arKkLI23a4YlMFMpvlcjm0tMs8C3cXCyiThWl1leijw=,5,36,female,7,20120522,20170930,0
oIFa1yYLEEzpgpTCuM3eytMe4J42MeMDiWrloGy9Hh0=,15,28,male,7,20110213,20170911,0
kHIMto2JnuJUOeHqe7gK2OcknuRSMTv+XZlz24RyBkw=,4,26,male,3,20130202,20170908,0
6bSPe5ClxKYj6AObGLttuXd2XNCu4O2GkZhGh2Oc6S4=,4,26,male,9,20080226,20170903,0
KcaXU4jWug6QBDkAuzFSAbN+6q+bIb49mNlifoGjuFM=,13,39,male,3,20121128,20171011,0
3EJ6qOmNfftkWhCw55Rmc6uBic+jkXoL1pDDybNEZ0E=,5,0,,4,20160903,20170307,1
ULk8PEXiLHP5ByhfsFOcsC0zk+CqA+GiDn81goqI8Qo=,21,20,male,9,20111126,20180428,0
hA3i7d2PZu/unSroXMHEtF5AUV6SWBGzf/eVME9vEZ0=,1,0,,7,20160226,20170930,0
4ihf8uXLQDyhCA7D3xiQRCq8GqT55YlkmuciG/8e3mQ=,13,24,female,9,20120512,20170915,0
nw70w0WfzEUs73MA5gO3SyM2nUoTArPUTmb4JHpKKT4=,6,29,male,3,20140723,20170930,0
k01kqKOAXvzxOh6A99BuBf2+q9dI5LO9rUl8Ex92a+E=,4,0,,3,20131030,20170907,0
iSFHn2MydR7mUUOaAmvrEQ/R9hxquKMIdodqzx75AXQ=,1,0,,7,20151006,20171009,0
R9OmtVbyjLUYnFyO18puF6JgYBObM4FWoyhbjeVOhIY=,1,0,,7,20130129,20170930,0
Xem3C61sol8/b5pckQenhwz7zbwBHUQZFoDH78JrP7Y=,1,0,,7,20160610,20170910,0
YROMgKRHzzPuCHfv37yerXNpcVdpucidCk/8uDKetKw=,1,0,,7,20150810,20170909,0
1Ucw64u+lZtQQgHTnOaMRH0v7ZDmM3Rk5ulL6vtG6SY=,1,0,female,7,20140820,20171003,0
EmK+up1LTSE4YDKhMpFa30+isFEvGuyX18Ui4AZovAg=,22,25,male,9,20080922,20170927,0
mC16mR5T6mhuUuawd8HIeD5zVIg1KfnYDB4p6YZ4sbs=,1,0,,7,20160609,20170909,0
75dBgzpgeEeHUcMOxfnR+bJXFdDegCqHCHLyhLYYh1Y=,11,22,female,3,20150630,20170916,0
Wx90BViPQQBRdIWlk9REshTq79QoUs0FAJRvPM4m/q4=,11,29,male,9,20140511,20171010,0
CCJLmuVV9nmpfVuhaZ3023Bje/UO2kaLc0J25kyS9Fk=,4,28,female,7,20121106,20170913,0
AV33t58Hhms8lj5VuwiDJ40zjBRGM4K2A9pHAVZCUiA=,18,36,male,9,20100927,20171002,0
C0VjXH7v2dm8M5keqbVo/P207XSh35dptd1O/0p3+90=,1,0,,7,20130221,20170920,0
pSyTmxjkohrY0uThCsDK+yg7gQs9e2qhZZRhf49G83Q=,13,30,male,9,20131023,20170930,0
cPEI7R5ev3rom6q58zbkiDxWUfuRKmf5unj+xsTb1Gg=,1,0,,7,20151018,20170917,0
kp+bj2fZLAw3SGyWihk6krCoieUqalOGS8d3y7DKY3g=,4,35,male,3,20150706,20170927,0
CMPa7Xf2y57InljWghDRMZu4eEwjIMutA56fG4EOtl8=,13,44,female,7,20120402,20170825,0
kD6KbmSiw8m3tXDUTDHpA/El5lUFN5/NYk5GHXeCTgc=,22,25,female,3,20140131,20170621,0
40h6yQHREJHugcir51EM+yS2wZ3mWR/LtUzOos1a1w4=,1,0,,7,20160401,20171001,0
FrZVGQCBWqLKgBsLihV/2W7KMsLoU29ywzvl+2aoDD4=,1,0,,7,20160330,20170930,0
wZSENHJfUnhl8nr7zLdY/urbyzNsjAZd3CSsWgCiCQ4=,5,36,female,3,20160217,20170219,1
o8lFCPti8EpR/dXQDdwq4QsL1+bper+2arYkEtJCmyE=,13,18,male,9,20111011,20170709,0
icvDgGukk/yFcmfTuQ6cEzrGEQZxd5B1EfN5Q3AWDXE=,22,22,female,9,20070716,20171022,0
4NLaF3Z9xU+KQUkjFw7oG4+PGpJUIw2U1MtlFHKkmb4=,1,0,,7,20151017,20170917,0
49mkWVAl0Q4EMHG+hF0b+83ggUKopgPRWW5KQdqqa1A=,8,28,male,7,20121211,20171001,0
vbvWqkBd4Q29ftHz/UA+LLqoBADyebcZmdePcVHDzG8=,4,31,male,7,20151229,20170930,0
F3gkRlavAmiBsmEHVZBF6rmFPTWAouSmY+UD7IXbr/U=,1,0,,7,20151107,20171007,0
cbNcaLlbAKndOVivilFU3h4Llt1voMIhqA2o16KOQ7Q=,7,25,female,9,20051008,20170930,0
bow+H3OeubDKqCOtJdKMoSOVfN5JiPzBo3+QR3gwWzY=,12,60,female,4,20160319,20170921,0
SmaBeuctzUbnFZfHYzOBLizXOrot6k2vdvkcaqYD4GM=,1,0,,7,20150822,20170922,0
HcQ/q30ROMyRBrLNddOivKwqW2qAbW2GuRKGQyxyzFM=,4,20,male,4,20161130,20170929,0
TvHjfeYEqteMHfLcu/ozKvie+t/fCsNYLEjL9pmVRrs=,1,0,,7,20160923,20170807,0
1rfq81oj+GDMekiWKgbcLht9QsQSTM2guPs1rJTM7ns=,1,0,,7,20161030,20170930,0
9nFOWaO/cH/S1kh8BoOQyEw5VARKi99QLyDHrcCAqmI=,1,0,,7,20151016,20170915,0
upTDGz5x6e9iknAv4oC8CIMnA2QmVdWxeMwLuPgfdiA=,13,32,male,3,20140303,20171122,0
DpStOeujYKMb4pKT3mGJP7r8/9bh0bqHPngjQ4ChGpQ=,1,0,,7,20161219,20170918,0
F/3nPkZUlsyagydaMeyAT4gW90yjVUDsiIbBXs/RWNU=,4,26,male,9,20080903,20170926,0
oeGaEjhZ27Y8VweAtEShrHrB6/m76BaEeq5jPmb6C74=,1,0,,7,20160201,20171001,0
S8T/VfjCZtyaI/+6wDh+pDeJNPq0Le5TfUYKBHPnzdU=,1,0,,7,20111226,20170915,0
+M/M0wEL/zOqKT+mkXJ6FoRzNCgERxFzRrSOqdprhdQ=,1,0,,7,20131120,20171001,0
SaWqv4/51NknN3eFDYVh0W0K+npv1eeyZPd/coEcfpw=,6,23,male,3,20150125,20170605,0
11hzJPnhs6HAGUDezIoiCWB4o6ON7aS14mMzfsfu9YI=,4,0,female,7,20120301,20170923,0
Kk+oVdaTYEpqOPLs3RzBzcWUWZG2utM0eigDXgZwkdM=,13,38,male,3,20130528,20171004,0
iaNrDQ3qFgx9PG2XSK46LeQAReT/MLE2TSU7vYsak7Q=,15,30,male,9,20090629,20171013,0
KNhkqYQauMnMKSJxrrwKmf9xut79aOCAZd0jzQXGaZc=,13,0,,9,20141007,20171006,0
osKpft5BdFc+8sAX8tCrxr1znn3hVL1+FLy0xLjClgw=,13,35,male,9,20061002,20170930,0
Apkketh6Mx62+soHG74JAUyQsbrOrH56EA1Q0/bAhKM=,1,0,,7,20141102,20171101,0
QXRPnPYRydI+/0qeXyO6O0qZnrTXRR1/xS4HtcgyXa8=,4,37,female,7,20101222,20180112,0
tz7EKFHiNkb9eGW11VGw09e+Y+qovc/LHfafwwUmhEU=,12,40,male,3,20141107,20170912,0
2ReA9Pe6P16QEdYcdYV7qOjPw/eO4mhBmOjQ3ZuThiM=,15,23,female,7,20141001,20170930,0
dtFaySwUGI2oOmhw7dk1hvhd1MU0YtByU9eVOH2Wq8A=,4,24,male,3,20130220,20171006,0
YDHaXUAF3RJrfwy7H89ySS1EgenY/1D6tqef2IfDvCg=,1,0,,7,20160206,20171006,0
KpuIh7sULcOq3cYkPRjhUMEey9A5dgW1+fmvdkRwegI=,1,0,,7,20111125,20170713,0
Jod9/JZ4q8CyP9ZqC3bvevDq3g39BoFX68JpmuWgo7U=,1,0,,7,20160718,20170918,0
gEUh6ojsmYdLpiSbrQXKjCXOwIkxpDiwn+fhgOzB7c4=,17,48,female,7,20100512,20170920,0
17i4TaweJnE7BKHVXkLJ4fTBJsukiPGFOX40YRz+t5E=,1,0,,7,20160701,20170930,0
xqAZj0MtccNnD+QX71NzLXNYcNxVOGhnoyA/xzwbT4w=,1,0,,7,20151223,20170923,0
TEJ+ZZsuyFgJl2ruTP3lEappWqubF1gS3NkJvSMs8AQ=,1,0,,7,20121229,20170910,0
ntPoWvsHp0LxQGoqC00rZmYGQ1APaHDFLufwCgitnLk=,1,0,,7,20151001,20171001,0
08NI4Fmyy6veCRNhNtWiG1z8GbIZ38UWVTaJ2TujegQ=,1,0,,7,20160104,20171004,0
y/jCUWGn+fjkKUEj5zEbEcfd5JXRylGQaMXU8CDKlvc=,1,0,,7,20160724,20170923,0
phT1d4H0lJPf0Itrh18cB8XPQUAm7qoLUUnFUyqFBK4=,1,0,,7,20151011,20170911,0
7LjAudGwz59iQ8kdS4FvSMVzsfestJAqI3GmFiTLbic=,4,28,female,4,20151007,20171001,0
5wvbHjIY9vAARXRg82rOSUqfZlHLqJN88I8W8bwsiSc=,1,0,,7,20121222,20170921,0
ET4OAtI/wAdWT6fiXDZv8ubk5HyZP5l14H+3RiXqfRI=,1,0,,7,20131230,20170918,0
etnU/HznZUxSgdVsOFB05b+OeHyerPK91EMf70bKSiw=,6,40,female,9,20041226,20170923,0
z/YCOjLixyMTBBdM3ObTw3q+weuRHnI0VhLJ//DMnyk=,5,0,,4,20151021,20170926,0
y3bvo5vAEHs4iJ1a49fVePk/XUQvdW494wjN8bI+bRU=,1,0,,7,20130624,20170916,0
akOEwfWiaBAEZc2cK6J+ua48evGx6qwVcPoMgCuLDqA=,3,26,male,3,20140614,20170930,0
G+NygDwDRS8JThygLMKVo4NxLfH2WeA3UAEPHNXzB78=,5,23,female,3,20140905,20171001,0
o1tlaDUJrbTKZJyJv97Dl7dMeD5oE3OjhLw+pfYutAE=,1,0,,7,20150713,20170922,0
TPM9ch/hbb681gVj1zPoDqNAz3g4nWEUMPA8jMwcSs8=,1,0,,7,20151121,20170920,0
9qAm8jcWuWDHXX7ypWw/X2nNJ5C0bBYmpg2HBFSTVkQ=,1,0,,7,20160714,20170914,0
+2GtgQNpMuIG0Vy1ycAbfla0zRni6NKtRLlyyuHHB8I=,13,25,male,7,20130107,20170920,0
g+QXKTDwrGD0hWcIT9HtHDSSjywdxR+2sBp5PwI2C9c=,1,0,,7,20121017,20170909,0
HoCw2ivmp0YNsFF4DCT2yM16AqU6ogSXijKQQcTIlS4=,1,0,,7,20160624,20170923,0
O1pkwljM2OgO1OWwDS33UcUx/aLokZLFfclbGzGrCWc=,14,23,female,3,20121022,20171010,0
HfBC0SJV+/EAh6ox/4lbR9ZBlxBNudiRe8IR/xZVieQ=,18,0,female,7,20140502,20171006,0
HL0L1Lh4DFdMBg3znrcDmLJ5oMgixytAvl4k4mTCkAs=,1,0,,7,20150630,20170930,0
nSEX3K30tUIwHTo2zqy8TNOSygsVHKNs2LYfkPKMB48=,10,21,male,3,20120421,20171003,0
7UGvXiHjlxbDy4jPQ66ey/65dYAHVrWBuzMX6WA7fYQ=,13,26,female,9,20161025,20170924,0
CWdZSFrNjZCvsmNDuN2zVGWAi9zlfTCUAoLv6V6JQSI=,1,0,,7,20140714,20170916,0
g6hEUHXFYWvW2OPAvK+3Zha/g0xhXC7P45PNgYP4DTY=,1,0,,7,20160310,20170910,0
hpL4leRU6O2VjxqBbiweF5kRkMugOWtBzJSQ0o8mD2I=,1,0,,7,20151009,20170908,0
6IlA2JFk46+pPTLtyLS5C4xrQd7bb0iLCU0WbK2BswY=,22,22,male,9,20150123,20171025,0
V08AvrW+zS94V4jlP3u1j2K/DU48tJO076cEQAsF7yI=,1,0,,7,20160825,20170930,0
SPYRIUu8bEFMxAbPOiwTRw15RaZr7WVGkwVFO3UgCnk=,1,0,,7,20130630,20160325,1
58XxlSf9e+j5dir0LCb7VTolVfNMpHzFR3S5h2oLvrk=,5,44,male,9,20070402,20170909,0
GZVy7R9Gn70/WyI23l0Yzq/TsdzAMOjXuMiYQh0pZPw=,1,0,,7,20140503,20171002,0
1YWvoYn97IYTrVK+o3riXAQGt9Aqr/5todEAdrGVS/Y=,11,34,male,9,20110130,20171004,0
CqVIhwsq2jHIsDFoW8w4GicUKqI9VmHw3wlANpXTxPA=,1,0,,7,20160616,20170915,0
K1ihRuBFP5NXJ1Z8c7Dzs+mQoBr7U+XuBXkkPLKzq1o=,1,0,,7,20151030,20170930,0
Bm/le/HP0gBOr3PiCSA9IK1oQ9FAEl3N155DBjxs+sU=,1,0,,7,20151120,20170919,0
jk+qZc5YC9f19mQY0X2jEKtuhNvY2yN/W153ljMqVuA=,13,0,,7,20110212,20170913,0
vuMGI/nYgMznEsGQHInBX8Oy1zzzkdJHw0UZmznpeqU=,5,25,female,9,20100220,20170906,0
B+AHFjeHWtCibPaP+pr25uNSMOv+0pGozuTbDwMEjoo=,13,44,female,9,20111109,20170919,0
fuGRYp2EQ0NoC1iFHT+4F4W8jyOigwD2iiV0aAAGbyc=,22,0,,4,20160122,20170922,0
g+Uw0ksSVPGY6zbtb2B7F3DWKyzAqSqEEt06FI6Z2y4=,22,34,male,3,20140618,20170919,0
26/7uYmJ6atFBadmy7IpkXr2TdUequaGzkACpImwkSo=,15,31,male,9,20080517,20171002,0
QLm4iudHUSO1KOIp8O9ni3KbKKBMOvKSBLqOOP2uWF8=,1,0,,7,20110420,20171006,0
OfQzB8NnklOl1nuXIj8B0SzKUhQSuxog4gRnPwEJFxE=,13,33,male,9,20111230,20171003,0
9/izMbTdN0wmwRuaqGBYf/ezpOQ9i6XWEcw9WlJyJh4=,1,0,,7,20120202,20170930,0
vrfKxF+qEyOYz8NmK7ur89bfo7L7yTVxTtLlkhNYGKY=,13,0,,9,20151021,20170921,0
X24zT5SL3/XwjPQJWXJCUwRCSWy9gjefZCIu77iqtoc=,13,21,female,3,20150221,20171129,0
EFIRdXvyHhnFSNF5gJDyPT2kJmGjA1lQbuLnc1Vjuuw=,5,47,male,9,20050216,20170930,0
oa5rpDsdrw9UPBHPP44E2aU4GnPcuIA3VdNTYPymwlg=,4,31,male,9,20090821,20170817,0
zSj6uHGtuNAEP5ZSlfjysU8b3q3NEqeBwT7OSJG4DOw=,1,0,,7,20110105,20170924,0
9BFhCAHwF/H7EwBRKC73QaTg5wUVQf067XLhdilU4xU=,6,32,female,9,20050114,20170930,0
gKMKQglGBErRy9fGu5DcdaSXkxwpx9BEo+P25Dts/0s=,1,0,,7,20160224,20170924,0
UDESKNjgKHfKe9G2JICqEXfH+4KYMVnd++Jj/gz96vo=,5,20,female,9,20111031,20170910,0
tDmUbVUyCelQHiXf3RGVCEV4XGGQb48905GWdXg6rNg=,1,0,,7,20160514,20170715,0
hyEaHPm+Rmc1AzigJQXpls1978GYLCv1HsvrHUKk7Ac=,5,31,female,4,20151111,20170908,0
z/wJlwgundwjGc2q6gUDVYs4f0Paiw/yVFMBvTxLo6c=,15,19,female,3,20130219,20170918,0
qj9eA+kuBghp5/uh/lyWIGlQNrW07qu7FQsjvlGFVVA=,1,0,,7,20161223,20170922,0
OUHX+dRXIkR48eI0kn24xuFPmXfQ6hRO6yC1bngBk0U=,8,0,,4,20161202,20171004,0
+xGE0JJPthAOhnVeOJc7IQ9kQ4f1Kqs3buHo5cY/Y2c=,1,0,,7,20150812,20170614,0
yo3fXl5+A1EVYkMsEG0Ve9DP9t3WVVqWNkWicwYVJg4=,4,31,female,7,20130125,20170930,0
2rrHs9/ZDYg7ixEwLidksRasRumXHtnLUfBeUXwSTCE=,1,0,,7,20150727,20170929,0
kLMGGd8Xv23jQpgfTpXk4x3mPKV7i0eHA3ubBYqz5qE=,1,0,,9,20150902,20171226,0
2jwAV/ErWx9rz3X0hW0HC0SpYiQwotpiyzqcTq9Jhy0=,4,24,male,7,20131011,20170910,0
N92zql+NZ/M3rfXn/zIDvCNYkPBvGMHEAPBbU9FwpiQ=,1,0,,7,20151022,20170922,0
+CIYjSn/JaAnWXiKEcot3j4ocUKVeX52sP/MiUoPa4M=,1,0,,7,20150920,20170919,0
AwPLpDhfngIiBo2aE3r2/FMySc36XMEKpt4Z9bs7P6Y=,1,0,,7,20160226,20170222,1
xF9ze1fy4H1h0kuZ6uYdDFZ9YD1nSE5uWsb7US1mlio=,13,27,female,3,20160625,20171002,0
PCLh7p1L7wINvGg10w1lVZYoOudzO6ywD3oLDvDQsak=,14,27,male,9,20150604,20170913,0
kds0rA/zwZLCZngGzz/Q7Sn8JbI/GO7TTDux7Ah+e+0=,9,33,male,7,20100924,20171003,0
yUyJx/yRRdFqTBXwTmKIyfstu9t3/fbvAK0eLHZaz4Q=,1,0,,7,20151202,20171001,0
MAvwOzydDF+c8cPKrw/6Oz45BC4FUjDdlOxvRl70PD4=,1,0,,9,20150315,20170915,0
mR0kVyJmU+LkxEocNMZvGOKVJSODRT/gsdoNi2tV5tg=,22,29,male,3,20141011,20170930,0
a3cowpxgNVSIsQNWnzmfapLuOPZSCdXokZQTXzB9LRQ=,1,0,,9,20161209,20170329,1
l6SQCt8xh2Oxuht9jgZvDQWNNYxl/xusp+SztnkRLv0=,22,27,male,9,20101207,20171023,0
nhfJ8Mb8PEDP4Gp37JTCGz62JWXbI69AzK0gFgE6vSM=,11,18,male,7,20120807,20171008,0
o3kGi4jnOhUaSBtGGdvbrm1xa6qwuJotlGN+BO91KeE=,13,33,male,9,20061224,20170926,0
uelxYfeFVE4rsrkoknVXyNw6oDEf1FkaWyGtIOd23js=,1,0,,9,20160730,20170930,0
v55Yov8H345QkST/83nb0W/J8iSN0ZnuhkVJ0IdjQiw=,15,40,female,9,20130322,20170922,0
mBN8lfVh+l7nqUlyO8hCRjXCtNYSjQyvtnd8vZjgom8=,1,0,,7,20130905,20170930,0
h9oEjJyCXwYim7Fc5kbC+uuaJ9p3OUmwk3Q1J/44EUY=,5,28,male,3,20130911,20170913,0
x7hinea13yJITCFHUtoIij1a6MCeQks3qwuhiqyHpJw=,17,29,male,7,20111103,20170915,0
l85qqpDco3q7LmL9CsOJDwdV++mipYAOKf5Oj2jARpU=,6,22,male,3,20130123,20171027,0
SKaWX+v5je6XdokNT8vXIvy6bSoCt1dvNkIA3MwJi/8=,6,35,,9,20140807,20180312,1
4BBbfnZoZn6YHXYdScPyKo4qDdbBJ1LpTIfgTaW1NAk=,5,44,female,9,20070404,20171008,0
fs2kuPyawnYZzF4wHqdgRH4Hr9uNWqxVLjxVFVnMOSU=,9,26,male,7,20140404,20170912,0
ipiJzAbLV5d2uD5Y5TsJiRdH30AvwMAIN7cH+/539hU=,5,28,male,4,20160112,20170813,0
f0JVPE59KmnXMgl9xQPRXa/tET+a4FK+nsnbPc3r51A=,15,25,female,9,20100517,20171006,0
pwKxJ2Ih0uQjWFElWrA9pvBA5tV0pOvraHmha4TBjRI=,13,42,male,9,20091109,20170930,0
QWg/A82Z7lRR7zz7Wk9KJgK4Ge6eAzjX10YgS2wMXAE=,14,41,female,7,20150829,20170930,0
OxOZ6s5cVVE5xTPe2Ik1mz0/DDlbYVG6I2sZ2QDfbwk=,1,0,,7,20160317,20170917,0
+vbSGbB+vk/me5qj7+SUFInHeN8IqMiIjF4WPlpKiHw=,9,24,female,9,20130209,20170921,0
e8Q0+IsgF1Cc9EXBDgDl+6ZIaj3HoffrTZES/DXXlz8=,1,0,,7,20161228,20170708,0
o3N+u9sq/cb9sQECMMqpoMMWHK8qUr18TCmO23c6d5Y=,4,38,male,3,20141028,20170612,0
Gffse2SVO8snCnXDy32osnoc7gQP3wLmRasJzAaVaAU=,1,0,,7,20131128,20170317,0
OGkI3p9O49ey1NsZm+hJXoG3Km6MSpSETrHQlzKrPTQ=,14,40,male,9,20111008,20170711,0
rmuz05B7IUbdBL4quiySkzyOR8xMC0W2iPu1Q8+jLWI=,1,0,,7,20160403,20171002,0
JWj4oXSrofybeAq0dMllAziEnsHUbhivOrXz18n+WBE=,1,0,,3,20140329,20170917,0
8C7+eeKH1OYk0clZyhVm3MbUFXEfshHgVLkkuy40XYk=,1,0,,7,20120213,20170912,0
HAfpmIaBVPHYIuQUk1BCeAUDqAzn/oi2YCqu1iygpSk=,1,0,,7,20150821,20170125,1
L8iPz0pyqVEljOcs22mDEz2lhFtFWnPiISA15PbielA=,13,0,,9,20131215,20170813,0
gcvY0U10KlNcN4mFhIyE6IlbcfWiipxKwHsM7lk6ZUw=,1,0,,7,20161109,20170908,0
amKVdrX42d0+6txfEm4WDm1ctAEiU56eu9akfVq4sVE=,5,38,male,7,20101111,20170918,0
1F3wmbF1AnK+dHtB2O/NwHpjTsSuQp3YNzo4/eWtBHk=,1,0,,7,20120709,20171007,0
gZYUjvmmYdFGsFrv1QLOFyoaI5spWiwslg2/W+vdnYs=,1,0,,7,20160302,20171002,0
HmpxiS7hBxCFvECt0pDsJxVLBAcmbuH1g/sodLcHcwY=,1,0,,7,20160526,20170930,0
Y7rLkjpjHyUNnSVLeIQ3BVehP9Do/EO6gvbFb9MycC8=,1,0,,7,20131213,20170914,0
7nxACB+VoaFfyxUAHkLxXc4DGczhRGQGfnkydg72Nn8=,1,0,,7,20161205,20171005,0
yn+CLDTVGGNRNL13aw/wzTBJHyziUlCDgyLhlHeaEI4=,1,0,,7,20160227,20170930,0
voi/bb3bNwN/Cjcf3dqV34JCwusPjCCxqMZ1GOMld8Y=,1,0,,7,20151015,20170915,0
2UJR0cN1egd5LvTgPxdZRRp+3FG3FtbH1Hvc7J7Afeo=,14,36,female,4,20160112,20170917,0
J6oJwCc9wMSdJfLPJhtSxTMpmWvlS93ifcr7w1raue4=,15,24,male,9,20081102,20170826,0
f8loqwvRIPdug5ADOtFcvBLA5FM4+KlLa7ZwFb/DaBM=,7,50,female,9,20080130,20170930,0
3JItYuMpOqtVTa0ixaI9FrEnghii4dst3LivxNlDKNw=,1,0,,7,20150911,20170208,1
1dNwa/we6tJMOygy7SbQNqY/E75iqCJNiPSZv7G9AhU=,1,0,,7,20141209,20170908,0
AjgeUxaxWI4eOppFarp0OZzP3cUWmtDgW6Qvm0obp80=,1,0,,7,20151123,20170923,0
6ah9/lSArlTulXsXwBgvCB7UC9u3T2qb3wt5hlFJ3bU=,5,22,male,9,20060715,20170930,0
uCnPMcAZgOYKD11PhkuDTJj3u+zwxgYXeeyFoZbaSHM=,1,0,,7,20160521,20170921,0
q3Ba21NZc4xehwji/WcZvsJRerVBe0NXtXAT3uHfjbg=,1,0,,7,20130928,20170930,0
jY5Bu80N1tF126V84iIsRgbWC9wJ+2rLRD5LjSCJtXs=,1,0,,7,20151010,20170814,0
Xu3j69tz0x5aOrxDoLZijs9ewyTXeqlFc16KkA2u0YI=,5,27,male,9,20070426,20170919,0
FwXvuAKIEbexAb5XLsGmknP1mWWESRcWF2bxCfW4qXM=,15,42,male,7,20110422,20170930,0
S/Oo0AT04pCtlUn7F8KVqTCJTBk3ADKXsg82ONnV7sc=,1,0,,7,20151213,20170912,0
IWmIHBcbldvDp6lirv+jvB8htdJ4JO6V4hJaUp/ZNi8=,1,0,,7,20160121,20170921,0
sfUb77yGa4Rba4J7XZFfd9oXU/d4rMIYOHHbVYnwV+A=,4,22,female,3,20160421,20171004,0
dGOvo1b4nr4Bv5S+nuwVY2/1V+3xVsHLACjW4AlpOpM=,1,0,,7,20150913,20170913,0
/CDauOQxJyd3AvexbBiC0/lxCuHhur9bm0vQpjOjER4=,13,16,female,3,20120724,20170715,0
zYa//m8yBGhU6BBS1+CWib5bPS4+1ylGTRiKB+ghrFo=,1,0,,7,20121023,20170515,0
tFdMHpYkSt7Cl6Ut23OD+mtkMYrFdaPxnlskC/9tLIA=,6,20,female,9,20150425,20171006,0
auJnQUYTyIY2OI6fAu9wt9mU04WxW7fS/53BuSNTfjI=,5,26,female,9,20100209,20170228,1
YbrQOxqJOwMkP30vrOzM9iTcKI/T8p1w6kJpQ/sqWjM=,22,29,male,3,20140218,20170923,0
t3yzwOrTW9xoPwQ+ZfUhMmzfbzJLxKIWKV92C5ll7P0=,1,0,,7,20130926,20170908,0
nythrGgqGaB07T1MKpAEi8Z8B87Zw6VlD1KokCDhFrE=,1,0,,9,20150217,20170122,1
eMkInZVId4wxpfDzLZkvB4lhX2gFslyoOfI9/12QGgQ=,13,26,male,9,20150506,20170912,0
8yu7IF++o8+r8kN8mXj1UEX6xbIJy/LbY53T0loDesM=,13,27,male,9,20140520,20180403,0
rmoeTZUI1ZWknltrah6VRiHoVQRKZq2fbIbYiaZTbWM=,14,35,female,9,20080317,20170914,0
AeJlxhw1T34EYLkIkyty3+n3WUeMxcScsgpXVR3HFg4=,1,0,,7,20120110,20170910,0
z3ZHZuJIzTpkFj2+pjFE/j7Oie5oWuJgJAx+pxmLdDA=,9,0,,4,20160205,20171007,0
bZerBESIYL7lygopt8icvqd25ZQIoI3Or0kegzHpk2o=,13,16,male,4,20151122,20171025,0
kKcZIaVtXedSUcYtRw0BY4ec01WNvb6o3ANR8lj42b8=,1,0,,7,20150923,20170923,0
NKkB00Op/dvo8ECkPUEdkaTkNf4HToPXjM5eaMLdXBM=,15,0,,9,20140827,20170622,0
80BQsALpYhAMSMMlQe5XN5y+/EP50lh7EGga6RnddnA=,15,41,female,9,20070502,20171007,0
tBh2Wcgif8LKiPOlM344YTAm0UctRKv67HZ8Ql64O2Q=,22,0,,3,20120923,20171001,0
cx5KRFNrW+xDIeUK0jHP/foJcSGZmGPhhKlGR56S1zg=,1,0,,7,20130123,20170124,1
h1nnhCV9mdLLxiL3GgtkZwqLjpquK6lqf0toHr3anGk=,5,43,female,9,20130919,20170811,0
WJTwNiammG0m/Vhzq2AxXffZByGVxCTb47ejBt0mVMU=,13,22,male,3,20130719,20170204,1
8pLlEL1Trs0oWnwp4Nagc9w9RkTXoqFrSOjDZm690aA=,1,0,,9,20160919,20170625,0
tF8hQ8ciIyHUScawzB0RNmpGbItEIZla7bX1uiyYavI=,4,28,female,9,20071007,20170716,0
l+nSeBrv2Jm8wP0J8Ezsx3dcwP6URAgAMtsQBQ3aSy4=,5,56,female,3,20121216,20171108,0
YucMoyvINoY9fa8kDJR0O14EnqgoMtgBVwIxks+pO4w=,1,0,,7,20151026,20170930,0
jZBcRZLq2ABIoQOtPsBGmJCfDRnQJiJaRjHiEaOF+nw=,13,0,,7,20121103,20170914,0
O84PAYZ1F+g1+5peI2ztdiwPkfRFI11IwwgJVBeSsyE=,1,0,,3,20140112,20170912,0
UVYwiLgg4dXIZ7fDUJkOhUBxzNmgMBwEIZT0UzDcfu8=,9,33,female,7,20161224,20170930,0
txd7X/vzxn6qWN4vj7FFkTrIKYIKOjRHIxfIe1VHYgE=,4,34,female,9,20141227,20170430,0
Ik47ZoXUqGRQyxGD0gT4hedNt0cz1Bqfc7tl5bZRouQ=,1,0,,7,20161105,20171005,0
WPnxXTyg/dWhGank/NBnefsnAJ7L0Y0XVRaMJzorJ2s=,1,0,,7,20160415,20170914,0
KZXazvD2scSPYHifm+uTHqwgiDUi/xFrAkO1cO27Q0o=,1,0,,7,20161129,20170930,0
g/c2lTxGcYDKgDqZxPVh2zMMQtpVrmSnUrPKphoDC2Y=,22,30,male,3,20150821,20171001,0
Es5XFuw7Rg5emT4m8/za7L2780OOkzkputWD9MseJCI=,1,0,,4,20160709,20170911,0
6O42QR14EZPQltpV/W6ohJ4AEmP50vsWevUTZOsojGE=,1,0,,7,20100421,20170922,0
9VigSTSYeAalU/NHB9/xPi+0dQlBkKr0BUtdqisstsI=,13,19,male,3,20140509,20180331,1
1w0BP8/sziPFZqNOri9GgyQJ/1hmA262KrI18gJlcI8=,1,0,,7,20150719,20170918,0
zQ/OjQAN08xwM3pkJI+7eM6F7GXKVozjRU+MEPChMA0=,1,0,,7,20151115,20170914,0
ir0yDF+0xm42rcbJX9cxPQVjHSiMhryZFOQSsv0tdS8=,1,0,,7,20160629,20170930,0
q9G+nPj9HQkKIvEWclwdbEuJ+136dVa5XmdpuU69Lbk=,1,0,,7,20161002,20171001,0
bjqkP21/NciYAoKT8mP/x1w9WXgZ2C9H6GbwFvQFxG8=,1,0,,7,20160420,20170919,0
g1FS4AyTqfve67xuvi4Al0YKTR8oyOTRbVzI9RnpKJw=,15,33,male,9,20050324,20171026,0
XLgit3CGZ61GambOL0I58lCi3CCSoXyL+2xuUai6l88=,1,0,,7,20150302,20170303,0
AczM147beKcJe5+tCG5J65FLMJbEcY+LAbXS1vHtqrg=,5,0,,9,20140815,20171025,0
3Vu/WS4Bbs08vMYMZGI+yGx+RBaSgC0LUiYrN4NOF8Y=,5,52,female,9,20111103,20170623,0
fJT/jpgHBzSKmg7LaLx8OL1haGgpLDdIPB4qzouR64Q=,9,22,female,3,20121219,20170930,0
RdfZHsqRzZIs0wRxyrLFJzaICJfOam9cKVvljCNYa3s=,1,0,,7,20121227,20170916,0
h9lQCE/l7R6eBBUwGF/2LC20lYOn5yikCRC0wbaYegs=,1,0,,7,20130111,20170909,0
YqMvZpf2xjk+CuLgV+XpjdYWXZCI3shUGj3KYzvpT78=,15,24,female,9,20150226,20170425,0
llHZwKGGw/Hnpmxi53AhGRMyRqyaRFJS6gqkB/Am+9Y=,5,21,female,9,20110712,20170906,0
Hn6pQgd4zGO3/6aFIJ6RhzL5y5Qh1sRxGc8M4EnDe3Q=,22,47,female,9,20120522,20171006,0
yGE5mABStV9RTfq1ofuE62gP2FAgCLanVO3y+We1UcA=,4,30,female,7,20110310,20171002,0
wc5Nbx4fobMsLRxR3u0sN7X6pIs+Q/x+UImRyWdLnlg=,4,0,,9,20161013,20170912,0
59vqdt43XrOQor/8IGOMQpHeitwLZ2H7XvdGDsMPQgY=,1,0,,7,20160330,20170321,0
3BIS4a0Vb2jnygBcryKppAjVEo9S+yXdLp/HF09wi8o=,1,0,,7,20130608,20171010,0
dotvDnDjQmELFq3/wWLfj5g31FJxCSIn9b7tX8SFd5I=,1,0,,7,20160603,20171003,0
RB4fBm/C5VDsJbihTbqsTG/N+OqqJV3QH1bRkWwUYPU=,1,0,,7,20160519,20170918,0
i6mV1xk2N94iH4yyR9A995aKcZvUs2c16HYjalTXmMk=,1,0,,7,20160818,20170918,0
4hF/uDCvmz3f2xphsmdqfGH/bOKZyajBfbLE+NfIH+g=,5,22,female,9,20111015,20171026,0
yPFHduQgz8XnVJLTpA1F5OJch+olf2X6R1ohCkHkELU=,12,20,female,3,20140723,20170912,0
TKHYp822TKxS4ZUwJ2wNia5GpQ56M8IBPCXZPsoQk0M=,1,0,,7,20151127,20170930,0
/5pzxtRw46VjwCM8S0gGr6bXBNTW9if+qLRu8991uVI=,1,0,,7,20160102,20171002,0
sBAGTNZasRjgHEO4nFRelVx2HIpB8TT3K709hd923D4=,1,0,,7,20111210,20170908,0
TlGGDkGgF0bV+MBnNgQ1/eflX4Zkpm3oJmH+K/Vj4DU=,13,29,male,7,20160701,20171001,0
OGSFQIW3SOGFlK//FANynXKWMi0QWpAas2NeP/eIHfE=,13,26,female,3,20130924,20170911,0
/Cg1jeMeQL0iU2RjUMSRtDN5jYOtXBJA7hw0gfLncEA=,5,26,female,9,20110707,20170910,0
V4FtExOY6WH+5yZb7LfYabC886duBAXCWHyVkpcXYQU=,13,38,male,7,20131125,20170924,0
xL9xIBPJY6vWpfjqD6lBQEjdBmMijfCAxuPDPT50hJA=,13,23,male,7,20130809,20170923,0
vAP+gMEh9iZudAqliSkcL7tm6ZEjBEl5ET72mwdBFsI=,1,0,,7,20100923,20170923,0
0FzauydrwcJJiovW3hyfZbEGgXL2AKCVqiWSJKW+m3k=,1,17,,9,20131102,20171113,0
p+I1vk55u4KN6X5MRcu4xlnNF7NcsViSa7PnLHWsAbQ=,1,0,,7,20150222,20170807,0
Lu/x+jUdw4pDvxwy2IjSpzBHY400GmMPlYvIOVCw7hs=,1,0,,7,20120712,20160810,1
AjXpZf2HaiHwMfhot5p56s189UNzrZAiqQKELTuFF3A=,5,58,female,9,20140412,20170926,0
UyacWkNbomkpDBEkTg56G9RLM5brzrHPHsWtnBXGht8=,1,0,,7,20151009,20170908,0
/V19oLQtHndHjyEcPKZ14y0TRlOqljjQlTSo7vEftxE=,1,0,,7,20120213,20160328,1
UgJgygDLU8q8tLL2a+4w/oFxrAu2k1WzAB5w1S2AE/A=,6,22,male,7,20150802,20171005,0
VfVqlTUJIApXcXI56ki4cRamI+2w5vjca9dgXkt01do=,1,0,,7,20151213,20170912,0
2WbxZF2Xw0CeUe5wkXhSvr1OF1lmAi8dJlp6h4tAYHk=,1,0,,7,20160212,20170918,0
aIMd2JeEsMzG7CAknpdfb2BC6ZxYv5JA5onpxTyPO8Q=,1,0,,7,20160225,20170930,0
alJSYx8AxYflGohoec7dY4n7wGjIzPdD27pPA5B9Ils=,1,0,,7,20120114,20170914,0
InGVxleA+uYMoYWEFpxRbcavxUN1ewgFGabIYLk9yBc=,1,0,,7,20111217,20170924,0
cTwwkoTW7pXZs+il3R87ofL7e8oUE97yzYIJKg6Sr50=,1,0,,7,20111221,20170919,0
HuuHqpBcx0b0gDwRJcPrAxh/wb2J+Pufz+tZ242QsBA=,1,0,,7,20160210,20170207,1
Pa1Fa7qvmJxRTOWiQzk3WfKIfPELYHtis+ls1Dd7CSA=,1,0,,7,20140202,20171004,0
HgCPXqpF2gUMsNnEerGK9/sz0IheIjqC/hHR5zuaMIQ=,1,0,,13,20170115,20170210,1
/eYfK0FzGfHkr+UM5qpMbdDWZ+gSOvvOxDynuuIEprQ=,1,0,,7,20160116,20170917,0
3bQLO9xr/oJsapJhp5EJPGVgb/6pKPUNV+CmVVo7Zhw=,1,0,,7,20130725,20170923,0
8M/876+BZ6hav7MPS7ptJgzF3qeSaBkaZ082OOiAEGo=,22,37,male,3,20141111,20170615,1
jhxqsMpWiwsFvjn5GoDCD48Xb8cmGbEVXzp6CKPmBR8=,1,0,,7,20151217,20170826,0
4lml9SZgMzq+DVVQNjvEPT+PCOUi7uS2cXslycSNA3g=,5,24,female,9,20120617,20171001,0
esFwCNF6jzomCNe6FV640LFbGTDLCCRFTZnJDCU4i50=,11,29,female,9,20090314,20170930,0
xkgaDF3YaMYsfStO23t8LH6gJ8kbaJxRUEf3udgTjGg=,1,0,,7,20160602,20171002,0
71mMx250AIaMtDnHWvglnKTnlmpVihRzzpBMiJViz3U=,1,0,,7,20150923,20170923,0
h1MHxVG7/DQu1M9QuRGlt3suUMW0TWaIr0SZglxEExI=,15,22,male,9,20130707,20171003,0
rk2kAriqb36K8YMk+UlvL8hA0DoPYdBCbUtuH6uWN/c=,1,0,,7,20161218,20170917,0
yaT7OITRDoAVz2OPaeHyYpeEZzHzByR11twmOTTGYOw=,9,24,male,7,20140424,20170909,0
TACdmp+mmV3nk5adWU6gMbzPunLqkwY+O1155M4yYNw=,1,0,,7,20131025,20170924,0
IAYnjw708vJwZ+Itt7xFK0US81/5fptvqrhauglOeFs=,13,24,male,7,20130220,20170915,0
DsYI2XE6xU1xVbEf3w83mpOwS3m2xrqBXhhNEzjF14g=,1,0,,7,20161130,20170930,0
qTGhx5x8Zprnd7CCShSgBrInIvZ59FXOhxoWVwntteM=,15,31,male,7,20120117,20170911,0
byVIP5IMXgNImxsKE6zM3/mrJeuU3OuxnU6gzG4+BzI=,1,0,,7,20100917,20170930,0
kF0U9y7hOstYMbpTPHdSKDXM3LQcR8NJfDc+C+trsJA=,1,0,,7,20151211,20170910,0
4FwAT3jtZrQtiZDHpz2RpVxB1m1EZgN47ZiGrUIjsZw=,1,0,,7,20101012,20170909,0
2Mm0Ww9AyATClit0xS/vSeTLqgVajhKU7w46AIkxLWE=,5,32,female,9,20100412,20170412,0
Z38yULQ6Ulx74vIkJ/kdUyQZzkTFj2noRCkEs+/kdLI=,1,0,,7,20130122,20170921,0
aUI7HMLRRC5szd9IeV7udhckYCCyBVvSlCUrHwqvYuc=,4,24,male,3,20140929,20170928,0
yA33sKLphiQ79D3BpyNMStxet+Z2pEDVbX/Oe7Xkr4k=,1,19,,3,20140526,20180220,1
EiSOOz37+H9F4l+X/DCMb7FrW6Jm8sQxX71u+04hDSg=,1,0,,7,20150923,20170923,0
M15uEUjjlkxM82RCAYQQik0MKnyVgIul4O0XE5KqeRw=,1,0,,7,20170126,20170930,0
I3MGAfttK2ruopJzn9zvyO9EwxOWqjnAO55+xqzAodw=,1,0,,7,20151226,20170930,0
2C7vuX3nQ9DSXGqjUK1g4VvDdP73gUxTFjE7Vch48R0=,1,0,,7,20160630,20170930,0
3mzK3KRBL+zCz3XHG/ztWnHHH5LNoIgS8IE+tMSWFPE=,5,40,male,9,20080312,20171001,0
OREVx95ZFWtgjpV5Roiy2VAOyKqG72fAMbOrzST0DDw=,5,32,female,9,20051130,20170917,0
sJ9iOa0oI2yGHXnjxkwTqkG07A9Gy3eaLSWdlwzMkJI=,13,26,male,7,20161002,20171001,0
5rNfJs9quoQxzaLonfiOGiEfTQwR0CHIPMPjzN0BUqM=,5,34,female,9,20080630,20170927,0
FU49KtQfIwnHvxXbtuYst3T5lF71AIpjOyuejWkMocM=,1,0,,7,20150801,20171001,0
TNbFkLQiab0fBjKIL3yO/QoZOatqUNXce2YNGha0YQY=,1,0,,7,20161007,20171006,0
6hqueY6R3Gmz6Cn8Sl5boqOo7Hpjttzf6P98+BBeLWM=,5,27,male,3,20130811,20170812,0
xCP8d8w2IXwXtHez5KBejr9gqdGPwW+4oZwV35wTkEg=,13,33,male,9,20051015,20171001,0
JlZzaXAjG2S+xqrIxOfAHM25eeHmiV+MSPu8rkEpt9g=,1,0,,7,20120111,20170911,0
lzW7svhHazfTt5O0ilCare1I4Pbf/yZ7ao6WK64WbII=,1,0,,7,20160630,20170930,0
9QvG3J9GimIu3Tj30+/mHary2c3/yCZwHxno2bq7XZo=,1,0,male,3,20150728,20170722,0
SDB5dLTFlHwHCF/NuyQAp1s/sf/yibImKWcfVHBfcbk=,15,22,female,3,20141005,20171003,0
u+Y/pii1GOGAtmaQatOc3i4JY1A6bXlIiSFqz8VNh1s=,12,27,male,9,20110818,20170930,0
OKB/nVd3uRjDtPBdAF1vcWR0Gariw1+O9rRtFMBHEV8=,1,0,,7,20161025,20170924,0
j6GADZsXr0N4pDv3HnaJNsMQ5iWrkQvtzajsI3MewTU=,18,22,male,9,20091226,20171002,0
zKzD7A7E7s8+3wGapsLgNpMDfMUhVx0myfQhvJYb7tQ=,1,0,,7,20160807,20171006,0
YUx3FYBZDCIDaigOjkoA3sl5RrBXYznaT8Dkz3w09Ms=,13,30,male,4,20160625,20170924,0
fYiTvwTWvH4G3a5uIV5UX2gwS9wfLctjhP9PqGIBlSQ=,1,0,,7,20110429,20171001,0
OsbAMLh/+PRIjnvLEqLpw5Dxnq6EmslGQfBqsNX0TM4=,1,0,,7,20140212,20170911,0
X7j3Rw8Z0qHZB5KDvKgaXiT6oHAJPYhhABovLDRA9nM=,1,0,,7,20160216,20170916,0
0bYvo78qz/zQx7+66h9b3n4qgwNEHV4UjE4esqKNdMM=,1,0,,7,20120712,20170913,0
JQVZm3RHpA9gjGJHCm9EtvdKr35FBvpA1yq9g7rh4Ww=,8,30,female,9,20140924,20170306,0
swYXoPScRuXjxoHDQI1kJr/wU9PVStt5oNWOpIFNmxQ=,12,30,male,7,20130724,20171004,0
WFoXGst4twhffIKrWl0gHd8og/ahRKTxEwSD1jCLt34=,15,38,male,9,20141111,20170911,0
1UO36GLp1E1JX3zbk73phfR+bEwYyMHHXvhTqiN5R8A=,5,30,male,9,20140402,20170909,0
MH1okTddTKPjMJc34bUUFzLCSbqUw3JLWwCa8vVu1kE=,1,0,,7,20151105,20171005,0
4wVDfgd+He4mK9Enc1ZMgIq8Al8m76cgC1IhWVW5tA0=,13,40,male,9,20090514,20170930,0
LmgtDrfkVb7wF2F16w/cuSxJ+HIayKTDWWZ0OoYcQK8=,1,0,,7,20141124,20171003,0
K9C6uW1Em4BeIShFGYmLJlav3JGishxn3eGPs1umWwE=,5,38,female,3,20130123,20171002,0
iP9KeY8AqZUiRnb32CfZan/C+fYW2fvxLkC9Weae9CU=,10,24,male,3,20121207,20170919,0
Od6aC5fbhlhdjl1fXTrn38KOFuSQo1WMzYyLoLaeBn8=,1,0,,7,20130924,20170908,0
udOw+8tlgkv8iEiCZHYkrOoIa6sjx8rk0zaIrg1f9Ds=,5,28,female,9,20060709,20180312,1
OVNISB+aoVra53G5MX8rQztUq5LQK3bHu7GkGzv5Uvg=,1,0,,7,20160218,20170917,0
wfxxzr8vEC866dMvW9QSh6CFe61fQ5PF8V40gWzOxDk=,1,0,,7,20160722,20171003,0
8Of3/vlHpZBvY+cmLSaWol6UDPwGQL6YBWHQ+k95PsY=,1,0,,7,20160705,20171005,0
z12zpgfZZ5KI5m785jV8/Bp0N6d9Ex11fOjLcr7mFZs=,4,21,male,3,20130316,20170930,0
iTtnSmTF5zmt1rZp/8+didFRpLpSk74+tzvp0+SYdu8=,1,0,,7,20130701,20170919,0
Nrf3KG8GQA7qbl45qaU7GOQ8GBHYomacrQJRKGDxmiU=,1,0,,7,20110426,20170925,0
1tWgyvgYqxcKFaC30C8x+ZPiq52kpgLSnqUHkBpeI8c=,12,23,female,7,20131112,20171004,0
EX2FvA3CaAfCfc5a/jEuC7aZhKzFoDg8/CgVADaAGSk=,13,41,female,3,20141127,20170919,0
hxq30CFa6AUTTLkMmWqZVcS5tieWM+becyc9ksGf9jM=,1,0,,7,20151231,20170930,0
nZxMz5dHYrwV/7rT0DqfUqb3rBOOZJMzWBvNM3NBL8E=,14,0,,3,20140717,20170924,0
GKtzWoshGwWaJiX5bxAYN8gdER8LytrTUB7c2qExabM=,5,24,female,4,20160911,20170928,0
i9cRIjtvEt6tAcI6tN5CI4a+Y0jAbZtCg+6uwf2gNh8=,1,0,,7,20160619,20170918,0
7gkWV66aV+l9l3ZeYBOR53/ufunKnIpMqFze75pHTP0=,4,29,male,9,20060916,20170918,0
mLSRJFlAU4hpGoa1clRtuYXFH7hFmTq6lryX4RNwafI=,1,0,,7,20121225,20170919,0
fdVuFeCMXcERTnVkycV09SkYxzfYkbmbSuY7K0y9qZw=,1,0,,7,20160521,20170921,0
ZC6+P9tP/hvR+ydPH7kZEdEE54sF26RuotPFetnmThY=,1,0,,7,20160326,20170930,0
YyOFc5iUESNfNINx9H2L7SBrbX2REDKihgEaS8NtG/Q=,13,28,male,3,20150427,20180127,0
532JMWTCwMcjuI644VfHxgIEgkGCUn6MkFfXA+CEQ74=,1,0,,7,20150823,20170923,0
bEVqpAFLFwVMDyXoYc8d9UBkfiYpckjrii1sX6CQHVA=,1,0,,7,20160111,20170911,0
vhObkJPRzgPP74QozoUOtfqPXmtnn4aIy83racbStn8=,10,27,male,7,20130414,20170913,0
L/pLIuLHDqJerFoIl8RYGfBz1HszYBWuNW6QGDpcMTI=,1,0,,7,20160216,20170916,0
dNXaSGAhXnuFyU6pidYQ/55VlmyPxV4WJ8pV7PMKNLI=,13,26,female,3,20130528,20170426,1
mGGjv60F2pRXvYFv33NW/B6UBo26LA2tZ9u2IVE1Gcg=,1,0,,7,20161230,20170930,0
oks15/FLZ7OMHAopLB1uqMcIhaD0Mj+HaqG4vKa0fyA=,1,0,,7,20141019,20171004,0
6fzOodlR7x6/zpfTSNTf1lw6B+38N8srv8anLM2mE7Q=,1,0,,7,20161031,20170930,0
m38bLINU3KY0OBe415/R8ii7qLhpkX8gfTKDMKDwuz0=,1,0,,7,20130724,20170921,0
5MNdrLw6aX5VstW2FqjnhwcrsDwTh8HTMc86ARUWS6o=,1,25,female,3,20141123,20170911,0
/w768m61ucnmY171vOiVqNk7H1M1pLdMYdGTx0c54F0=,5,32,female,9,20090923,20171001,0
LCmpR6LSMcvpXh8D6XYxnzcTSSZ5qlSyX7LWKTtmVhA=,1,0,,7,20160713,20170913,0
xIoKcQ2IbpuT+oC3ZpIHqb/I3krTxLfkriSKCEjbLVE=,13,20,female,9,20080330,20180325,0
Xcf93+D+sHly3uymc1pec22y0SPqJwGs4/cAlY5gU5o=,1,0,,7,20101026,20170407,0
dJwJdHmPu+cHp6ek3UevS+hRM99UgjabrHIQ5oya7NE=,17,30,male,9,20071023,20171019,0
Y9Dc7/r1Iap/LrHZdLMpw/34G7pyCIPtiUibII+Wwlc=,1,0,,7,20160609,20170908,0
0Q8trmkSQcmdiDXS8nvmiym6Z2Kk3wHPivP23BIgp7A=,22,20,male,7,20140509,20170910,0
o19Wmaf4NlHGOaH+1OuD7Mx8TH7Ty5Z7/PuPdtfMn64=,1,0,,7,20131020,20170930,0
499MZbcL9OgKpjVUuImVq48eG45i811m1VCoxSh44/k=,1,0,,7,20131119,20171001,0
Ejs4Y3bS6qBCCdfKN2PqDmGBdOwukY5L1XaiZx1rXTk=,6,23,female,3,20151016,20171019,0
7pqtsKZ0QpPegRgOlEHSBmtHw/Cbe/oIpEGzhcIFQ1s=,5,19,female,9,20160104,20171022,0
JdATXjxGyK37h93EU2In1noi9zGQMKxkFK+YdooZ1kI=,12,0,,9,20150114,20170918,0
OEz0j2CaVwpm6P+C16RWvTyq4Uk1srw+cxE36U3+hoA=,13,26,,7,20110706,20170930,0
av5l+iQfvPOMboecyb+imHhqz82i+52zi4q3GETk7tY=,18,30,female,9,20130913,20170808,0
hzp7b7vwH/0m/mIpSlmi3Om+omkcLRWWhLyTvKdr8kI=,1,0,,9,20150908,20170903,1
SwJTbDu487ztLmGteCypdSDSuQluP5VXk2q9QSxg58k=,1,0,,9,20161015,20170924,0
qj0rImbT7fdPwLTrzFKf2RlWukEGCB/QnPu34opm11Y=,6,22,male,9,20090613,20171004,0
aFqSZN+IAVr9MVFMb4qArb1RkOwcVzTWk1CqJVB6dLY=,13,31,female,9,20150808,20170609,0
ZoQNAav3XxlFFZ4YXFDyydb5tFoHq68iSTi0UcCvMrI=,5,45,female,9,20100326,20170920,0
jan4SLrEi7yZ9MGNFmkAYy98KyVnuH7+bZVx0RIgb0c=,1,0,,7,20160919,20170918,0
HyBkdr8REKWH4vhzynCC+hnLnKEc2albvVPs0vAewL0=,1,0,,7,20160404,20171003,0
eHo3iDzl365KV/PPnLQ56ItjCpwu36c2Y5BumJwpoQw=,1,0,,3,20130207,20170922,0
JUbVNUJPS9BC0Va5RJsTlu644gse8uPrL1jV0ql8kB4=,15,27,male,9,20070810,20171028,0
Id1Z9z6ekUjftBrOXHjHovLZCBBIv7TqdJ9YensatLo=,18,33,male,9,20051019,20170713,0
wnEnpCT7lQJWRfDZBpRoqoyjVENr5WizHL+D2FxczyU=,1,0,,7,20160229,20170930,0
DH/XtFg/nmqix5/7335OLK6cn8M+QG85l3qGjm/TYn8=,1,0,,7,20150706,20171005,0
imRIvadHdvG1VdKWJ6efx8sZGhuZG1fLd5Hwg32xwJY=,21,43,female,9,20080609,20171021,0
sWRU1RuD3N/99OYAdIevuwli+BlxNX1DIK/aIKQ0cK0=,1,0,,7,20150831,20170802,0
EFmZ1YA+LW2mvPHlLwKL3SIPITlfOch/vvhUlVUWgF0=,15,0,,3,20140716,20170930,0
yn5ffKUkXjqkyrT5iQAjiYIl4dcYhXfPfnef2uKUJAA=,22,27,,9,20150119,20170920,0
983Vai6O2U9zhKkdY4Sq2uufmy61U/5lMDngd1lHLPI=,1,0,,7,20120130,20170927,0
KEfB7P1DpU5vqaTO2NqP3Z1+u7th2fTVnJ6wK1g1PB8=,5,33,male,9,20100605,20170916,0
OJFpvVEimNGO8h+sJeKmLyBVtR5DxLIi0phbE5Fxza8=,13,36,male,9,20150323,20171001,0
5xRMXIrcX2IwuTalbMbtltyTTmsvBHl8PYnAn2HiNdg=,1,0,,7,20131002,20170916,0
sM1f3h5KGPyogJN8KHc+9f161NCO/10ToR1nTwPcoog=,1,0,,7,20160819,20170918,0
7uOGCUS4qQyribn9dNK0pBsXlULfAcMnKdgoCk58l8o=,1,0,,7,20160427,20171007,0
/ONuULK/IJQPuWSZD8eHwKro/WzSUXf6JnSUYJqIDi4=,1,0,,7,20151202,20171002,0
i4DhaRR1oT/zmHzTSLTaaM3N+jlEgQs39FFnp1+Fa4Y=,1,0,,7,20150718,20170717,0
0H2KggJEmMVrTbryTgtY4SMuoqTilcdQbCEfecaxZoY=,22,27,female,9,20121210,20171011,0
ygJJ4P78xgtgrxP/DWSS7OjCVOPMwd7rAdyxfS/Fd04=,1,0,,7,20141028,20171007,0
+aEVzKodIaQVP1kqlHeChKMCHKmGietOSbELGye9s3s=,1,0,,7,20160516,20170915,0
1CRBfZuzylVvT5QDMKdlPrM7ja7+NIwJEz1rDTX2NII=,17,21,female,9,20150107,20170928,0
YKySR2IIQXaE4b2YowQUDt0hMfszrTIqAYmaZa99/1w=,13,24,female,9,20130908,20170410,0
mmMrreAezi8pw0etS5JKtfSrHUF1EhPHEpDgb2IBD2s=,1,0,,7,20110128,20170919,0
swgro6GAXr5yQDvPYNuNFlaLho9PP/9hlVzk3CvmoRU=,1,0,,7,20170114,20170913,0
581dBAwUUuuJr0i249AKvog3lLCEz7zFrTSYW8cHEsY=,1,0,,7,20141203,20170913,0
eYo+g1mbxciFP9gc4NKefK2+IytIcWhmxRl2/oRIuf8=,13,30,male,7,20120616,20170923,0
dZqe11ff7W20G8TbEb1CIM2OMG0VIY53sRR8a2hnbxA=,1,0,,7,20160710,20170910,0
3DcljLKi1qn6bxN0QG3+rbanNZMr4z95bg3KSKcv+m0=,4,57,female,9,20120215,20170927,0
LzItN1oJBurhlDo1qpnfnbPcdNSN2+I+RG+qrbGnFCM=,1,0,,7,20160327,20170930,0
2enpkdzfEDESyw9aFnD+DMFImZtLBrR5kl71uOpJrPI=,5,37,female,9,20041006,20170304,0
bVDdszzUguW/TIVTSwDDZSrWhaVKl9BzC/DM4JRi1W0=,5,40,female,3,20141116,20170206,1
eNWOwpZaa7ZsW19Kz2E0blDHQFr9hvKPdELWhR259Gg=,1,0,,7,20130315,20170909,0
Z2tn055vV9+CuKmuWDjCGixA6JF8OfIE4/YK1WFMFyw=,5,32,female,7,20101115,20180411,1
73F1nR0qx+itUrsLZZrgRSNi98OOrn7ek+RAZMjDSUc=,1,0,,7,20100625,20170925,0
24dQovmLbyNUh6juMCmyT/N8vorGINyjtFQukFLLuJE=,15,37,female,9,20090919,20171021,0
QZqnxq2qkfHDOb7WT9vrTrmoWwKnqfGdkBRjmaf+3TY=,1,0,,7,20160329,20170930,0
vJLqJmjHvHOOPx20XCSk52z1QxmgHqUUnT128DxRj3g=,4,33,female,9,20111030,20171001,0
EVX+lDQLAXFa6QaIlKVarVpOTKj0arpPUxDJEz3M2Os=,6,30,male,7,20110525,20160907,1
I3JLN5E+AsxYKRUHA9/drNIJMoSVCkiUPjLO19bPBw4=,15,38,male,7,20150203,20171002,0
2S5D0/uBYDaQ/ew7XeGbHNQQSqGS+gge7eaWs4hzm/0=,1,0,,7,20110120,20170910,0
jbty3Ne5WzMduQwQZ7rzQbAVLNd/4FyF6XSs5r/1C3I=,1,0,,7,20160326,20170520,0
HSGnYTf5SaxN73/AZvsWGxowZ+UXD4fBTXShFpKwbMo=,1,0,,7,20150725,20170930,0
zD6+H/f7sLkduGfcmW8coV2PBRUcM7RsHkQgRdM1ctY=,13,0,male,7,20110420,20171028,0
H3MZq11Xz/lU5i+62HC8zc0H/y9xI3GJrJuGPNkgh8E=,15,25,male,9,20061022,20170908,0
8xZxbviWbZ4m1xh+SolGaqnZoTPO1kSqykmkioLCVu0=,15,23,male,9,20101217,20170810,0
gQfoQCI9rsY7KYFULsYisbJyUBuwnhX27iNNidm4OKs=,1,0,,7,20151215,20170915,0
DEpA/HKj37Z50bnv3ddW9ZluPZ1OnDbfy0RFFBtt9C0=,1,0,,7,20150302,20170930,0
